data_as_of,latest_release,stargazers_count,closed_issues,open_issues,closure_rate,median_closure_seconds,average_time_between_releases_seconds,seconds_since_last_release,current_release_downloads,max_release_downloads,total_downloads,est_users_non_current_release,unique_views,release_downloads,top_referrers
2024-11-30 20:18:33.119076+00:00,1.0.5,4,6,1,0.86,3086037.5,2325740.4,2241483.395144,192,371,579,179,4,"{'1.0.5': 192, '1.0.4': 6, '1.0.3': 371, '1.0.2': 4, '1.0.1': 2, '1.0.0': 4}","{'forum.obsidian.md': 2, 'Google': 1, 'pkmer.cn': 1}"
2024-11-30 21:02:44.705317+00:00,1.0.5,4,6,1,0.86,3086037.5,2325740.4,2244134.84968,192,371,579,179,4,"{'1.0.5': 192, '1.0.4': 6, '1.0.3': 371, '1.0.2': 4, '1.0.1': 2, '1.0.0': 4}","{'forum.obsidian.md': 2, 'Google': 1, 'pkmer.cn': 1}"
2024-11-30 21:18:49.819156+00:00,1.0.5,4,6,1,0.86,3086037.5,2325740.4,2245099.919216,192,371,579,179,4,"{'1.0.5': 192, '1.0.4': 6, '1.0.3': 371, '1.0.2': 4, '1.0.1': 2, '1.0.0': 4}","{'forum.obsidian.md': 2, 'Google': 1, 'pkmer.cn': 1}"
2024-12-01 02:54:07.056565+00:00,1.0.5,4,6,1,0.86,3086037.5,2325740.4,2265217.298918,193,371,580,178,4,"{'1.0.5': 193, '1.0.4': 6, '1.0.3': 371, '1.0.2': 4, '1.0.1': 2, '1.0.0': 4}","{'forum.obsidian.md': 2, 'Google': 1, 'pkmer.cn': 1}"
2024-12-01 13:09:35.602122+00:00,1.0.5,4,6,1,0.86,3086037.5,2325740.4,2302145.796328,194,371,581,177,5,"{'1.0.5': 194, '1.0.4': 6, '1.0.3': 371, '1.0.2': 4, '1.0.1': 2, '1.0.0': 4}","{'forum.obsidian.md': 2, 'Google': 1, 'pkmer.cn': 1}"
2024-12-02 08:46:14.561282+00:00,1.0.5,4,6,1,0.86,3086037.5,2325740.4,2372743.599845,200,371,587,171,6,"{'1.0.5': 200, '1.0.4': 6, '1.0.3': 371, '1.0.2': 4, '1.0.1': 2, '1.0.0': 4}","{'github.com': 2, 'forum.obsidian.md': 2, 'Google': 1, 'pkmer.cn': 1}"
2024-12-03 08:44:56.220633+00:00,1.0.5,4,6,1,0.86,3086037.5,2325740.4,2459066.326569,208,371,595,163,6,"{'1.0.5': 208, '1.0.4': 6, '1.0.3': 371, '1.0.2': 4, '1.0.1': 2, '1.0.0': 4}","{'github.com': 3, 'forum.obsidian.md': 2, 'Google': 1, 'pkmer.cn': 1}"
2024-12-04 08:46:28.697531+00:00,1.0.5,4,6,1,0.86,3086037.5,2325740.4,2545558.495023,215,371,602,156,5,"{'1.0.5': 215, '1.0.4': 6, '1.0.3': 371, '1.0.2': 4, '1.0.1': 2, '1.0.0': 4}","{'github.com': 5, 'forum.obsidian.md': 2, 'Google': 1, 'pkmer.cn': 1}"
2024-12-05 08:45:30.619458+00:00,1.0.5,4,6,1,0.86,3086037.5,2325740.4,2631900.626822,222,371,609,149,5,"{'1.0.5': 222, '1.0.4': 6, '1.0.3': 371, '1.0.2': 4, '1.0.1': 2, '1.0.0': 4}","{'github.com': 5, 'forum.obsidian.md': 2, 'Google': 1, 'pkmer.cn': 1}"
2024-12-06 08:44:42.480844+00:00,1.0.5,4,6,1,0.86,3086037.5,2325740.4,2718252.225424,228,371,615,143,4,"{'1.0.5': 228, '1.0.4': 6, '1.0.3': 371, '1.0.2': 4, '1.0.1': 2, '1.0.0': 4}","{'github.com': 5, 'Google': 1, 'pkmer.cn': 1}"
2024-12-07 08:42:23.776757+00:00,1.0.5,4,6,1,0.86,3086037.5,2325740.4,2804513.169738,233,371,620,138,4,"{'1.0.5': 233, '1.0.4': 6, '1.0.3': 371, '1.0.2': 4, '1.0.1': 2, '1.0.0': 4}","{'github.com': 5, 'Google': 1}"
2024-12-08 08:42:29.136770+00:00,1.0.5,4,6,1,0.86,3086037.5,2325740.4,2890918.376062,240,371,628,131,3,"{'1.0.5': 240, '1.0.4': 6, '1.0.3': 371, '1.0.2': 4, '1.0.1': 2, '1.0.0': 5}","{'github.com': 6, 'Google': 1}"
2024-12-09 08:46:38.724684+00:00,1.0.5,4,6,1,0.86,3086037.5,2325740.4,2977568.718127,247,371,635,124,3,"{'1.0.5': 247, '1.0.4': 6, '1.0.3': 371, '1.0.2': 4, '1.0.1': 2, '1.0.0': 5}","{'github.com': 6, 'Google': 1}"
2024-12-10 08:46:14.275740+00:00,1.0.5,4,6,1,0.86,3086037.5,2325740.4,3063944.170966,252,371,640,119,4,"{'1.0.5': 252, '1.0.4': 6, '1.0.3': 371, '1.0.2': 4, '1.0.1': 2, '1.0.0': 5}","{'github.com': 6, 'Google': 1, 'medium.com': 1}"
2024-12-11 08:46:02.864053+00:00,1.0.5,4,6,1,0.86,3086037.5,2325740.4,3150331.758972,262,371,650,109,4,"{'1.0.5': 262, '1.0.4': 6, '1.0.3': 371, '1.0.2': 4, '1.0.1': 2, '1.0.0': 5}","{'github.com': 6, 'medium.com': 1}"
2024-12-12 08:45:31.555309+00:00,1.0.5,4,6,1,0.86,3086037.5,2325740.4,3236701.624681,270,371,658,101,4,"{'1.0.5': 270, '1.0.4': 6, '1.0.3': 371, '1.0.2': 4, '1.0.1': 2, '1.0.0': 5}","{'github.com': 6, 'obsidian.md': 1, 'medium.com': 1}"
2024-12-13 08:44:58.102397+00:00,1.0.5,4,6,1,0.86,3086037.5,2325740.4,3323068.058722,280,371,668,91,4,"{'1.0.5': 280, '1.0.4': 6, '1.0.3': 371, '1.0.2': 4, '1.0.1': 2, '1.0.0': 5}","{'github.com': 6, 'obsidian.md': 1, 'medium.com': 1}"
2024-12-14 08:41:54.163907+00:00,1.0.5,4,6,1,0.86,3086037.5,2325740.4,3409284.363472,283,371,671,88,4,"{'1.0.5': 283, '1.0.4': 6, '1.0.3': 371, '1.0.2': 4, '1.0.1': 2, '1.0.0': 5}","{'github.com': 6, 'obsidian.md': 1, 'medium.com': 1}"
2024-12-15 08:41:55.381915+00:00,1.0.5,4,6,1,0.86,3086037.5,2325740.4,3495685.429947,284,371,672,87,4,"{'1.0.5': 284, '1.0.4': 6, '1.0.3': 371, '1.0.2': 4, '1.0.1': 2, '1.0.0': 5}","{'github.com': 4, 'obsidian.md': 1, 'medium.com': 1}"
2024-12-16 08:46:12.861397+00:00,1.0.5,4,6,1,0.86,3086037.5,2325740.4,3582342.917697,288,371,676,83,3,"{'1.0.5': 288, '1.0.4': 6, '1.0.3': 371, '1.0.2': 4, '1.0.1': 2, '1.0.0': 5}","{'github.com': 3, 'obsidian.md': 1, 'medium.com': 1}"
2024-12-17 08:46:09.523116+00:00,1.0.5,4,6,1,0.86,3086037.5,2325740.4,3668738.506181,296,371,685,75,4,"{'1.0.5': 296, '1.0.4': 6, '1.0.3': 371, '1.0.2': 4, '1.0.1': 3, '1.0.0': 5}","{'github.com': 1, 'obsidian.md': 1, 'medium.com': 1}"
2024-12-18 08:44:42.815496+00:00,1.0.5,4,6,1,0.86,3086037.5,2325740.4,3755052.49364,300,371,689,71,4,"{'1.0.5': 300, '1.0.4': 6, '1.0.3': 371, '1.0.2': 4, '1.0.1': 3, '1.0.0': 5}","{'github.com': 2, 'obsidian.md': 1, 'medium.com': 1}"
2024-12-19 08:43:44.859318+00:00,1.0.5,4,6,1,0.86,3086037.5,2325740.4,3841393.718315,303,371,692,68,5,"{'1.0.5': 303, '1.0.4': 6, '1.0.3': 371, '1.0.2': 4, '1.0.1': 3, '1.0.0': 5}","{'github.com': 2, 'obsidian.md': 1, 'medium.com': 1}"
2024-12-20 08:41:53.989518+00:00,1.0.5,4,6,1,0.86,3086037.5,2325740.4,3927684.156426,308,371,697,63,6,"{'1.0.5': 308, '1.0.4': 6, '1.0.3': 371, '1.0.2': 4, '1.0.1': 3, '1.0.0': 5}","{'github.com': 2, 'obsidian.md': 1, 'medium.com': 1}"
2024-12-21 08:39:10.065266+00:00,1.0.5,4,6,1,0.86,3086037.5,2325740.4,4013920.104375,314,371,703,57,7,"{'1.0.5': 314, '1.0.4': 6, '1.0.3': 371, '1.0.2': 4, '1.0.1': 3, '1.0.0': 5}","{'obsidian.md': 2, 'github.com': 1, 'medium.com': 1}"
2024-12-22 08:39:03.849221+00:00,1.0.5,4,6,1,0.86,3086037.5,2325740.4,4100313.701407,319,371,708,52,6,"{'1.0.5': 319, '1.0.4': 6, '1.0.3': 371, '1.0.2': 4, '1.0.1': 3, '1.0.0': 5}","{'obsidian.md': 2, 'github.com': 1, 'medium.com': 1}"
2024-12-23 08:42:21.146650+00:00,1.0.5,4,6,1,0.86,3086037.5,2325740.4,4186910.680794,324,372,714,48,6,"{'1.0.5': 324, '1.0.4': 6, '1.0.3': 372, '1.0.2': 4, '1.0.1': 3, '1.0.0': 5}","{'obsidian.md': 2, 'github.com': 1}"
2024-12-24 08:41:30.473513+00:00,1.0.5,4,6,1,0.86,3086037.5,2325740.4,4273260.676225,329,372,719,43,5,"{'1.0.5': 329, '1.0.4': 6, '1.0.3': 372, '1.0.2': 4, '1.0.1': 3, '1.0.0': 5}","{'obsidian.md': 2, 'github.com': 1}"
2024-12-25 08:41:46.407069+00:00,1.0.5,4,6,1,0.86,3086037.5,2325740.4,4359676.584691,331,372,721,41,4,"{'1.0.5': 331, '1.0.4': 6, '1.0.3': 372, '1.0.2': 4, '1.0.1': 3, '1.0.0': 5}","{'github.com': 1, 'obsidian.md': 1}"
2024-12-26 08:41:25.973978+00:00,1.0.5,4,6,1,0.86,3086037.5,2325740.4,4446056.15068,334,372,724,38,4,"{'1.0.5': 334, '1.0.4': 6, '1.0.3': 372, '1.0.2': 4, '1.0.1': 3, '1.0.0': 5}","{'github.com': 1, 'obsidian.md': 1}"
2024-12-27 08:41:09.300105+00:00,1.0.5,4,6,1,0.86,3086037.5,2325740.4,4532438.691638,338,372,728,34,4,"{'1.0.5': 338, '1.0.4': 6, '1.0.3': 372, '1.0.2': 4, '1.0.1': 3, '1.0.0': 5}","{'github.com': 1, 'obsidian.md': 1}"
2024-12-28 08:39:07.995347+00:00,1.0.5,4,6,1,0.86,3086037.5,2325740.4,4618718.080615,343,372,733,29,6,"{'1.0.5': 343, '1.0.4': 6, '1.0.3': 372, '1.0.2': 4, '1.0.1': 3, '1.0.0': 5}","{'github.com': 1, 'obsidian.md': 1}"
2024-12-29 08:39:08.984193+00:00,1.0.5,4,6,1,0.86,3086037.5,2325740.4,4705118.196119,349,372,739,23,6,"{'1.0.5': 349, '1.0.4': 6, '1.0.3': 372, '1.0.2': 4, '1.0.1': 3, '1.0.0': 5}","{'github.com': 1, 'obsidian.md': 1, 'pkmer.cn': 1}"
2024-12-30 08:41:43.745566+00:00,1.0.5,4,6,1,0.86,3086037.5,2325740.4,4791673.740313,351,372,741,21,6,"{'1.0.5': 351, '1.0.4': 6, '1.0.3': 372, '1.0.2': 4, '1.0.1': 3, '1.0.0': 5}","{'github.com': 1, 'obsidian.md': 1, 'pkmer.cn': 1}"
2024-12-31 08:41:13.460233+00:00,1.0.5,5,6,1,0.86,3086037.5,2325740.4,4878043.599817,356,372,747,16,5,"{'1.0.5': 356, '1.0.4': 6, '1.0.3': 372, '1.0.2': 5, '1.0.1': 3, '1.0.0': 5}","{'obsidian.md': 1, 'pkmer.cn': 1}"
2025-01-01 08:41:22.806904+00:00,1.0.5,5,6,1,0.86,3086037.5,2325740.4,4964452.433526,361,372,752,11,5,"{'1.0.5': 361, '1.0.4': 6, '1.0.3': 372, '1.0.2': 5, '1.0.1': 3, '1.0.0': 5}","{'obsidian.md': 1, 'pkmer.cn': 1}"
2025-01-02 08:41:21.375081+00:00,1.0.5,5,6,1,0.86,3086037.5,2325740.4,5050850.817638,367,372,759,5,4,"{'1.0.5': 367, '1.0.4': 6, '1.0.3': 372, '1.0.2': 5, '1.0.1': 3, '1.0.0': 6}","{'obsidian.md': 1, 'pkmer.cn': 1}"
2025-01-03 08:41:23.524755+00:00,1.0.5,5,6,1,0.86,3086037.5,2325740.4,5137253.672206,368,372,760,4,3,"{'1.0.5': 368, '1.0.4': 6, '1.0.3': 372, '1.0.2': 5, '1.0.1': 3, '1.0.0': 6}",{'pkmer.cn': 1}
2025-01-04 08:39:43.342251+00:00,1.0.5,5,6,1,0.86,3086037.5,2325740.4,5223553.616445,371,372,763,1,2,"{'1.0.5': 371, '1.0.4': 6, '1.0.3': 372, '1.0.2': 5, '1.0.1': 3, '1.0.0': 6}",{'pkmer.cn': 1}
2025-01-05 08:38:42.362454+00:00,1.0.5,5,6,1,0.86,3086037.5,2325740.4,5309892.528864,374,374,766,0,2,"{'1.0.5': 374, '1.0.4': 6, '1.0.3': 372, '1.0.2': 5, '1.0.1': 3, '1.0.0': 6}",{'pkmer.cn': 1}
2025-01-06 08:42:21.597464+00:00,1.0.5,5,6,1,0.86,3086037.5,2325740.4,5396511.789324,383,383,775,0,2,"{'1.0.5': 383, '1.0.4': 6, '1.0.3': 372, '1.0.2': 5, '1.0.1': 3, '1.0.0': 6}",{'pkmer.cn': 1}
2025-01-07 08:41:59.935849+00:00,1.0.5,5,6,1,0.86,3086037.5,2325740.4,5482889.784272,391,391,783,0,3,"{'1.0.5': 391, '1.0.4': 6, '1.0.3': 372, '1.0.2': 5, '1.0.1': 3, '1.0.0': 6}",{'pkmer.cn': 1}
2025-01-08 08:42:25.724190+00:00,1.0.5,5,6,1,0.86,3086037.5,2325740.4,5569315.257711,400,400,792,0,4,"{'1.0.5': 400, '1.0.4': 6, '1.0.3': 372, '1.0.2': 5, '1.0.1': 3, '1.0.0': 6}","{'obsidian.md': 1, 'pkmer.cn': 1}"
2025-01-09 08:41:23.759948+00:00,1.0.5,5,6,1,0.86,3086037.5,2325740.4,5655653.866518,408,408,800,0,6,"{'1.0.5': 408, '1.0.4': 6, '1.0.3': 372, '1.0.2': 5, '1.0.1': 3, '1.0.0': 6}","{'obsidian.md': 2, 'github.com': 1, 'pkmer.cn': 1}"
2025-01-10 08:41:56.523638+00:00,1.0.5,6,6,1,0.86,3086037.5,2325740.4,5742086.743862,415,415,807,0,9,"{'1.0.5': 415, '1.0.4': 6, '1.0.3': 372, '1.0.2': 5, '1.0.1': 3, '1.0.0': 6}","{'obsidian.md': 4, 'github.com': 2, 'pkmer.cn': 1}"
2025-01-11 08:39:06.608120+00:00,1.0.5,6,6,1,0.86,3086037.5,2325740.4,5828316.752137,419,419,811,0,7,"{'1.0.5': 419, '1.0.4': 6, '1.0.3': 372, '1.0.2': 5, '1.0.1': 3, '1.0.0': 6}","{'obsidian.md': 5, 'github.com': 2}"
2025-01-12 08:38:40.241917+00:00,1.0.5,6,6,1,0.86,3086037.5,2325740.4,5914690.512013,425,425,817,0,7,"{'1.0.5': 425, '1.0.4': 6, '1.0.3': 372, '1.0.2': 5, '1.0.1': 3, '1.0.0': 6}","{'obsidian.md': 5, 'github.com': 2}"
2025-01-13 08:43:34.381875+00:00,1.0.5,6,6,1,0.86,3086037.5,2325740.4,6001384.576615,427,427,819,0,7,"{'1.0.5': 427, '1.0.4': 6, '1.0.3': 372, '1.0.2': 5, '1.0.1': 3, '1.0.0': 6}","{'obsidian.md': 5, 'github.com': 2}"
2025-01-14 08:40:42.929502+00:00,1.0.5,6,6,1,0.86,3086037.5,2325740.4,6087612.858266,430,430,822,0,7,"{'1.0.5': 430, '1.0.4': 6, '1.0.3': 372, '1.0.2': 5, '1.0.1': 3, '1.0.0': 6}","{'obsidian.md': 6, 'github.com': 2}"
2025-01-15 08:41:12.542099+00:00,1.0.5,6,6,1,0.86,3086037.5,2325740.4,6174042.014667,438,438,830,0,7,"{'1.0.5': 438, '1.0.4': 6, '1.0.3': 372, '1.0.2': 5, '1.0.1': 3, '1.0.0': 6}","{'obsidian.md': 6, 'github.com': 2}"
2025-01-16 08:39:57.275891+00:00,1.0.5,6,6,1,0.86,3086037.5,2325740.4,6260367.237581,444,444,836,0,7,"{'1.0.5': 444, '1.0.4': 6, '1.0.3': 372, '1.0.2': 5, '1.0.1': 3, '1.0.0': 6}","{'obsidian.md': 6, 'github.com': 2}"
2025-01-17 08:39:52.108305+00:00,1.0.5,6,6,1,0.86,3086037.5,2325740.4,6346761.203918,446,446,838,0,7,"{'1.0.5': 446, '1.0.4': 6, '1.0.3': 372, '1.0.2': 5, '1.0.1': 3, '1.0.0': 6}","{'obsidian.md': 6, 'github.com': 2}"
2025-01-18 08:37:40.047361+00:00,1.0.5,6,6,1,0.86,3086037.5,2325740.4,6433030.198245,451,451,843,0,8,"{'1.0.5': 451, '1.0.4': 6, '1.0.3': 372, '1.0.2': 5, '1.0.1': 3, '1.0.0': 6}","{'obsidian.md': 6, 'github.com': 2, 'yandex.ru': 1}"
2025-01-19 08:37:07.595750+00:00,1.0.5,6,6,1,0.86,3086037.5,2325740.4,6519397.969427,456,456,848,0,10,"{'1.0.5': 456, '1.0.4': 6, '1.0.3': 372, '1.0.2': 5, '1.0.1': 3, '1.0.0': 6}","{'obsidian.md': 6, 'github.com': 2, 'yandex.ru': 1}"
2025-01-20 08:41:57.554766+00:00,1.0.5,6,6,1,0.86,3086037.5,2325740.4,6606087.668438,462,462,854,0,11,"{'1.0.5': 462, '1.0.4': 6, '1.0.3': 372, '1.0.2': 5, '1.0.1': 3, '1.0.0': 6}","{'obsidian.md': 6, 'github.com': 2, 'yandex.ru': 2}"
2025-01-21 08:40:40.108629+00:00,1.0.5,6,6,1,0.86,3086037.5,2325740.4,6692410.05176,474,474,866,0,10,"{'1.0.5': 474, '1.0.4': 6, '1.0.3': 372, '1.0.2': 5, '1.0.1': 3, '1.0.0': 6}","{'obsidian.md': 5, 'github.com': 2, 'yandex.ru': 2}"
2025-01-22 08:41:48.852834+00:00,1.0.5,6,6,1,0.86,3086037.5,2325740.4,6778878.51074,481,481,873,0,9,"{'1.0.5': 481, '1.0.4': 6, '1.0.3': 372, '1.0.2': 5, '1.0.1': 3, '1.0.0': 6}","{'obsidian.md': 4, 'yandex.ru': 2, 'github.com': 1}"
2025-01-23 08:40:42.889739+00:00,1.0.5,6,6,1,0.86,3086037.5,2325740.4,6865213.065066,487,487,879,0,7,"{'1.0.5': 487, '1.0.4': 6, '1.0.3': 372, '1.0.2': 5, '1.0.1': 3, '1.0.0': 6}","{'yandex.ru': 2, 'obsidian.md': 2}"
2025-01-24 08:40:31.523873+00:00,1.0.5,6,6,1,0.86,3086037.5,2325740.4,6951601.240279,493,493,885,0,7,"{'1.0.5': 493, '1.0.4': 6, '1.0.3': 372, '1.0.2': 5, '1.0.1': 3, '1.0.0': 6}","{'yandex.ru': 2, 'obsidian.md': 1}"
2025-01-25 08:37:56.832354+00:00,1.0.5,6,6,1,0.86,3086037.5,2325740.4,7037847.046335,499,499,891,0,7,"{'1.0.5': 499, '1.0.4': 6, '1.0.3': 372, '1.0.2': 5, '1.0.1': 3, '1.0.0': 6}","{'obsidian.md': 3, 'yandex.ru': 2}"
2025-01-26 08:36:42.585956+00:00,1.0.5,6,6,1,0.86,3086037.5,2325740.4,7124172.728759,507,507,899,0,8,"{'1.0.5': 507, '1.0.4': 6, '1.0.3': 372, '1.0.2': 5, '1.0.1': 3, '1.0.0': 6}","{'obsidian.md': 3, 'yandex.ru': 2}"
2025-01-27 08:41:38.869773+00:00,1.0.5,6,6,1,0.86,3086037.5,2325740.4,7210868.012427,515,515,907,0,7,"{'1.0.5': 515, '1.0.4': 6, '1.0.3': 372, '1.0.2': 5, '1.0.1': 3, '1.0.0': 6}","{'yandex.ru': 2, 'obsidian.md': 2, 'github.com': 1}"
2025-01-28 08:40:40.584961+00:00,1.0.5,6,6,2,0.75,3086037.5,2325740.4,7297210.746449,518,518,910,0,8,"{'1.0.5': 518, '1.0.4': 6, '1.0.3': 372, '1.0.2': 5, '1.0.1': 3, '1.0.0': 6}","{'yandex.ru': 2, 'obsidian.md': 2, 'github.com': 1}"
2025-01-29 08:40:49.623714+00:00,1.0.5,6,6,2,0.75,3086037.5,2325740.4,7383619.747989,521,521,913,0,10,"{'1.0.5': 521, '1.0.4': 6, '1.0.3': 372, '1.0.2': 5, '1.0.1': 3, '1.0.0': 6}","{'github.com': 2, 'yandex.ru': 2, 'obsidian.md': 2}"
2025-01-30 08:39:23.384782+00:00,1.0.5,6,6,2,0.75,3086037.5,2325740.4,7469933.37985,523,523,915,0,10,"{'1.0.5': 523, '1.0.4': 6, '1.0.3': 372, '1.0.2': 5, '1.0.1': 3, '1.0.0': 6}","{'github.com': 2, 'yandex.ru': 2, 'obsidian.md': 2}"
2025-01-31 08:39:33.514240+00:00,1.0.5,6,6,2,0.75,3086037.5,2325740.4,7556343.537847,534,534,926,0,10,"{'1.0.5': 534, '1.0.4': 6, '1.0.3': 372, '1.0.2': 5, '1.0.1': 3, '1.0.0': 6}","{'github.com': 2, 'obsidian.md': 2, 'yandex.ru': 1}"
2025-02-01 08:38:06.073384+00:00,1.0.5,6,6,2,0.75,3086037.5,2325740.4,7642656.332817,550,550,942,0,9,"{'1.0.5': 550, '1.0.4': 6, '1.0.3': 372, '1.0.2': 5, '1.0.1': 3, '1.0.0': 6}","{'github.com': 2, 'obsidian.md': 2, 'yandex.ru': 1}"
2025-02-02 08:37:40.844221+00:00,1.0.5,6,6,2,0.75,3086037.5,2325740.4,7729031.0355,556,556,948,0,7,"{'1.0.5': 556, '1.0.4': 6, '1.0.3': 372, '1.0.2': 5, '1.0.1': 3, '1.0.0': 6}","{'github.com': 2, 'obsidian.md': 2}"
2025-02-03 08:41:05.488904+00:00,1.0.5,6,6,2,0.75,3086037.5,2325740.4,7815635.517125,563,563,955,0,7,"{'1.0.5': 563, '1.0.4': 6, '1.0.3': 372, '1.0.2': 5, '1.0.1': 3, '1.0.0': 6}","{'github.com': 2, 'obsidian.md': 2}"
2025-02-04 08:41:04.990482+00:00,1.0.5,6,6,2,0.75,3086037.5,2325740.4,7902035.202929,567,567,959,0,7,"{'1.0.5': 567, '1.0.4': 6, '1.0.3': 372, '1.0.2': 5, '1.0.1': 3, '1.0.0': 6}","{'obsidian.md': 3, 'github.com': 2}"
2025-02-05 08:40:59.267884+00:00,1.0.5,6,6,2,0.75,3086037.5,2325740.4,7988429.505425,569,569,961,0,7,"{'1.0.5': 569, '1.0.4': 6, '1.0.3': 372, '1.0.2': 5, '1.0.1': 3, '1.0.0': 6}","{'obsidian.md': 3, 'github.com': 2}"
2025-02-06 08:41:30.631872+00:00,1.0.5,6,6,2,0.75,3086037.5,2325740.4,8074860.799481,579,579,971,0,9,"{'1.0.5': 579, '1.0.4': 6, '1.0.3': 372, '1.0.2': 5, '1.0.1': 3, '1.0.0': 6}","{'cn.bing.com': 4, 'obsidian.md': 3, 'github.com': 2, 'handcartcactus.github.io': 1}"
2025-02-07 08:40:32.575352+00:00,1.0.5,6,6,2,0.75,3086037.5,2325740.4,8161201.728765,585,585,977,0,7,"{'1.0.5': 585, '1.0.4': 6, '1.0.3': 372, '1.0.2': 5, '1.0.1': 3, '1.0.0': 6}","{'cn.bing.com': 4, 'github.com': 2, 'handcartcactus.github.io': 1, 'obsidian.md': 1}"
2025-02-08 08:39:29.257574+00:00,1.0.5,6,6,2,0.75,3086037.5,2325740.4,8247539.594473,590,590,982,0,7,"{'1.0.5': 590, '1.0.4': 6, '1.0.3': 372, '1.0.2': 5, '1.0.1': 3, '1.0.0': 6}","{'cn.bing.com': 4, 'github.com': 2, 'handcartcactus.github.io': 1, 'obsidian.md': 1}"
2025-02-09 08:38:02.557605+00:00,1.0.5,6,6,2,0.75,3086037.5,2325740.4,8333852.778946,596,596,988,0,8,"{'1.0.5': 596, '1.0.4': 6, '1.0.3': 372, '1.0.2': 5, '1.0.1': 3, '1.0.0': 6}","{'cn.bing.com': 4, 'handcartcactus.github.io': 1, 'github.com': 1, 'obsidian.md': 1}"
2025-02-10 08:41:50.378133+00:00,1.0.5,6,6,2,0.75,3086037.5,2325740.4,8420480.490057,605,605,997,0,8,"{'1.0.5': 605, '1.0.4': 6, '1.0.3': 372, '1.0.2': 5, '1.0.1': 3, '1.0.0': 6}","{'cn.bing.com': 4, 'github.com': 2, 'handcartcactus.github.io': 1, 'obsidian.md': 1}"
2025-02-11 08:41:13.696574+00:00,1.0.5,6,6,2,0.75,3086037.5,2325740.4,8506843.955874,613,613,1005,0,7,"{'1.0.5': 613, '1.0.4': 6, '1.0.3': 372, '1.0.2': 5, '1.0.1': 3, '1.0.0': 6}","{'cn.bing.com': 4, 'handcartcactus.github.io': 1, 'github.com': 1, 'obsidian.md': 1}"
2025-02-12 08:41:40.279324+00:00,1.0.5,6,6,2,0.75,3086037.5,2325740.4,8593270.431209,622,622,1014,0,5,"{'1.0.5': 622, '1.0.4': 6, '1.0.3': 372, '1.0.2': 5, '1.0.1': 3, '1.0.0': 6}","{'cn.bing.com': 4, 'github.com': 1, 'obsidian.md': 1, 'handcartcactus.github.io': 1}"
2025-02-13 08:41:38.635621+00:00,1.0.5,6,6,2,0.75,3086037.5,2325740.4,8679668.612983,627,627,1019,0,8,"{'1.0.5': 627, '1.0.4': 6, '1.0.3': 372, '1.0.2': 5, '1.0.1': 3, '1.0.0': 6}","{'cn.bing.com': 4, 'obsidian.md': 2, 'handcartcactus.github.io': 1, 'github.com': 1}"
2025-02-14 08:40:54.983955+00:00,1.0.5,6,6,2,0.75,3086037.5,2325740.4,8766024.558295,632,632,1024,0,8,"{'1.0.5': 632, '1.0.4': 6, '1.0.3': 372, '1.0.2': 5, '1.0.1': 3, '1.0.0': 6}","{'cn.bing.com': 4, 'obsidian.md': 2, 'handcartcactus.github.io': 1, 'github.com': 1}"
2025-02-15 08:38:27.964460+00:00,1.0.5,6,6,2,0.75,3086037.5,2325740.4,8852277.550383,636,636,1028,0,8,"{'1.0.5': 636, '1.0.4': 6, '1.0.3': 372, '1.0.2': 5, '1.0.1': 3, '1.0.0': 6}","{'cn.bing.com': 4, 'obsidian.md': 2, 'handcartcactus.github.io': 1, 'github.com': 1}"
2025-02-16 16:22:07.946899+00:00,1.0.5,6,6,2,0.75,3086037.5,2325740.4,8966497.837165,640,640,1032,0,10,"{'1.0.5': 640, '1.0.4': 6, '1.0.3': 372, '1.0.2': 5, '1.0.1': 3, '1.0.0': 6}","{'cn.bing.com': 4, 'obsidian.md': 2, 'handcartcactus.github.io': 1, 'github.com': 1}"
2025-02-17 08:42:47.948380+00:00,1.0.5,6,6,2,0.75,3086037.5,2325740.4,9025336.573892,644,644,1036,0,10,"{'1.0.5': 644, '1.0.4': 6, '1.0.3': 372, '1.0.2': 5, '1.0.1': 3, '1.0.0': 6}","{'cn.bing.com': 4, 'handcartcactus.github.io': 1, 'github.com': 1, 'obsidian.md': 1}"
2025-02-18 08:42:00.737197+00:00,1.0.5,6,6,2,0.75,3086037.5,2325740.4,9111689.911112,652,652,1044,0,10,"{'1.0.5': 652, '1.0.4': 6, '1.0.3': 372, '1.0.2': 5, '1.0.1': 3, '1.0.0': 6}","{'cn.bing.com': 4, 'handcartcactus.github.io': 1, 'github.com': 1, 'obsidian.md': 1}"
2025-02-19 08:42:29.120967+00:00,1.0.5,6,6,2,0.75,3086037.5,2325740.4,9198118.924719,657,657,1049,0,10,"{'1.0.5': 657, '1.0.4': 6, '1.0.3': 372, '1.0.2': 5, '1.0.1': 3, '1.0.0': 6}","{'github.com': 1, 'obsidian.md': 1}"
2025-02-20 08:42:19.465460+00:00,1.0.5,6,6,2,0.75,3086037.5,2325740.4,9284508.811913,666,666,1058,0,8,"{'1.0.5': 666, '1.0.4': 6, '1.0.3': 372, '1.0.2': 5, '1.0.1': 3, '1.0.0': 6}","{'github.com': 1, 'obsidian.md': 1}"
2025-02-21 08:41:15.834435+00:00,1.0.5,7,6,2,0.75,3086037.5,2325740.4,9370845.748393,669,669,1061,0,9,"{'1.0.5': 669, '1.0.4': 6, '1.0.3': 372, '1.0.2': 5, '1.0.1': 3, '1.0.0': 6}","{'github.com': 1, 'obsidian.md': 1}"
2025-02-22 08:39:06.871373+00:00,1.0.5,7,6,2,0.75,3086037.5,2325740.4,9457115.149935,673,673,1065,0,10,"{'1.0.5': 673, '1.0.4': 6, '1.0.3': 372, '1.0.2': 5, '1.0.1': 3, '1.0.0': 6}","{'github.com': 1, 'obsidian.md': 1}"
2025-02-23 08:39:24.933433+00:00,1.0.5,7,6,2,0.75,3086037.5,2325740.4,9543534.555233,679,679,1071,0,8,"{'1.0.5': 679, '1.0.4': 6, '1.0.3': 372, '1.0.2': 5, '1.0.1': 3, '1.0.0': 6}",{'obsidian.md': 1}
2025-02-24 08:43:33.344976+00:00,1.0.5,7,6,2,0.75,3086037.5,2325740.4,9630181.934034,688,688,1080,0,9,"{'1.0.5': 688, '1.0.4': 6, '1.0.3': 372, '1.0.2': 5, '1.0.1': 3, '1.0.0': 6}",{'obsidian.md': 1}
2025-02-25 08:42:41.589812+00:00,1.0.5,7,6,2,0.75,3086037.5,2325740.4,9716529.573051,696,696,1088,0,12,"{'1.0.5': 696, '1.0.4': 6, '1.0.3': 372, '1.0.2': 5, '1.0.1': 3, '1.0.0': 6}",{'obsidian.md': 1}
2025-02-26 08:43:08.474248+00:00,1.0.5,7,6,2,0.75,3086037.5,2325740.4,9802956.876174,706,706,1098,0,12,"{'1.0.5': 706, '1.0.4': 6, '1.0.3': 372, '1.0.2': 5, '1.0.1': 3, '1.0.0': 6}",{'obsidian.md': 1}
2025-02-27 08:42:28.407631+00:00,1.0.5,7,6,2,0.75,3086037.5,2325740.4,9889317.859527,712,712,1104,0,11,"{'1.0.5': 712, '1.0.4': 6, '1.0.3': 372, '1.0.2': 5, '1.0.1': 3, '1.0.0': 6}",{'obsidian.md': 1}
2025-02-28 08:41:44.073540+00:00,1.0.5,7,6,2,0.75,3086037.5,2325740.4,9975671.934706,718,718,1110,0,11,"{'1.0.5': 718, '1.0.4': 6, '1.0.3': 372, '1.0.2': 5, '1.0.1': 3, '1.0.0': 6}","{'obsidianstats.com': 3, 'obsidian.md': 1}"
2025-03-01 08:40:25.435266+00:00,1.0.5,7,6,2,0.75,3086037.5,2325740.4,10061994.819534,725,725,1117,0,11,"{'1.0.5': 725, '1.0.4': 6, '1.0.3': 372, '1.0.2': 5, '1.0.1': 3, '1.0.0': 6}","{'obsidianstats.com': 3, 'obsidian.md': 1}"
2025-03-02 08:39:38.493452+00:00,1.0.5,7,6,2,0.75,3086037.5,2325740.4,10148347.238215,734,734,1126,0,10,"{'1.0.5': 734, '1.0.4': 6, '1.0.3': 372, '1.0.2': 5, '1.0.1': 3, '1.0.0': 6}","{'obsidianstats.com': 3, 'obsidian.md': 1}"
2025-03-03 08:42:41.979326+00:00,1.0.5,7,6,2,0.75,3086037.5,2325740.4,10234930.331452,739,739,1131,0,9,"{'1.0.5': 739, '1.0.4': 6, '1.0.3': 372, '1.0.2': 5, '1.0.1': 3, '1.0.0': 6}","{'obsidianstats.com': 3, 'obsidian.md': 1}"
2025-03-04 08:43:24.076024+00:00,1.0.5,7,6,2,0.75,3086037.5,2325740.4,10321372.546008,743,743,1135,0,9,"{'1.0.5': 743, '1.0.4': 6, '1.0.3': 372, '1.0.2': 5, '1.0.1': 3, '1.0.0': 6}","{'obsidianstats.com': 3, 'obsidian.md': 1, 'DuckDuckGo': 1}"
2025-03-05 08:43:47.871434+00:00,1.0.5,8,6,2,0.75,3086037.5,2325740.4,10407796.36672,748,748,1140,0,10,"{'1.0.5': 748, '1.0.4': 6, '1.0.3': 372, '1.0.2': 5, '1.0.1': 3, '1.0.0': 6}","{'obsidianstats.com': 3, 'obsidian.md': 1, 'DuckDuckGo': 1}"
2025-03-06 08:43:07.114018+00:00,1.0.5,8,6,2,0.75,3086037.5,2325740.4,10494156.841854,754,754,1146,0,11,"{'1.0.5': 754, '1.0.4': 6, '1.0.3': 372, '1.0.2': 5, '1.0.1': 3, '1.0.0': 6}","{'obsidianstats.com': 3, 'github.com': 1, 'obsidian.md': 1, 'DuckDuckGo': 1}"
2025-03-07 08:42:53.427676+00:00,1.0.5,8,6,2,0.75,3086037.5,2325740.4,10580541.576387,758,758,1150,0,11,"{'1.0.5': 758, '1.0.4': 6, '1.0.3': 372, '1.0.2': 5, '1.0.1': 3, '1.0.0': 6}","{'obsidianstats.com': 3, 'pkmer.cn': 2, 'github.com': 1, 'obsidian.md': 1, 'DuckDuckGo': 1}"
2025-03-08 08:36:07.392844+00:00,1.0.5,8,6,2,0.75,3086037.5,2325740.4,10666536.020959,763,763,1155,0,10,"{'1.0.5': 763, '1.0.4': 6, '1.0.3': 372, '1.0.2': 5, '1.0.1': 3, '1.0.0': 6}","{'obsidianstats.com': 3, 'pkmer.cn': 2, 'github.com': 1, 'obsidian.md': 1, 'DuckDuckGo': 1}"
2025-03-09 08:35:25.544873+00:00,1.0.5,8,6,2,0.75,3086037.5,2325740.4,10752894.943845,767,767,1159,0,12,"{'1.0.5': 767, '1.0.4': 6, '1.0.3': 372, '1.0.2': 5, '1.0.1': 3, '1.0.0': 6}","{'obsidianstats.com': 3, 'pkmer.cn': 2, 'github.com': 1, 'obsidian.md': 1, 'DuckDuckGo': 1}"
2025-03-10 08:37:33.213748+00:00,1.0.5,8,6,2,0.75,3086037.5,2325740.4,10839423.045616,772,772,1164,0,11,"{'1.0.5': 772, '1.0.4': 6, '1.0.3': 372, '1.0.2': 5, '1.0.1': 3, '1.0.0': 6}","{'obsidianstats.com': 3, 'pkmer.cn': 2, 'github.com': 1, 'obsidian.md': 1, 'DuckDuckGo': 1}"
2025-03-11 08:43:27.564501+00:00,1.0.5,8,6,2,0.75,3086037.5,2325740.4,10926176.854804,775,775,1167,0,8,"{'1.0.5': 775, '1.0.4': 6, '1.0.3': 372, '1.0.2': 5, '1.0.1': 3, '1.0.0': 6}","{'obsidianstats.com': 3, 'pkmer.cn': 2, 'github.com': 1, 'DuckDuckGo': 1}"
2025-03-12 08:44:12.474341+00:00,1.0.5,8,6,2,0.75,3086037.5,2325740.4,11012620.821517,781,781,1173,0,8,"{'1.0.5': 781, '1.0.4': 6, '1.0.3': 372, '1.0.2': 5, '1.0.1': 3, '1.0.0': 6}","{'obsidianstats.com': 3, 'pkmer.cn': 2, 'github.com': 1, 'DuckDuckGo': 1}"
2025-03-13 08:44:26.413106+00:00,1.0.5,8,6,2,0.75,3086037.5,2325740.4,11099034.616859,789,789,1181,0,8,"{'1.0.5': 789, '1.0.4': 6, '1.0.3': 372, '1.0.2': 5, '1.0.1': 3, '1.0.0': 6}","{'pkmer.cn': 2, 'github.com': 1, 'DuckDuckGo': 1}"
2025-03-14 08:42:24.582736+00:00,1.0.5,8,6,2,0.75,3086037.5,2325740.4,11185314.440423,793,793,1185,0,8,"{'1.0.5': 793, '1.0.4': 6, '1.0.3': 372, '1.0.2': 5, '1.0.1': 3, '1.0.0': 6}","{'pkmer.cn': 2, 'github.com': 1, 'DuckDuckGo': 1}"
2025-03-15 08:40:35.289873+00:00,1.0.5,8,6,2,0.75,3086037.5,2325740.4,11271604.888663,802,802,1194,0,8,"{'1.0.5': 802, '1.0.4': 6, '1.0.3': 372, '1.0.2': 5, '1.0.1': 3, '1.0.0': 6}","{'pkmer.cn': 2, 'github.com': 1, 'DuckDuckGo': 1}"
2025-03-16 08:39:57.273903+00:00,1.0.5,8,6,2,0.75,3086037.5,2325740.4,11357965.436106,806,806,1198,0,8,"{'1.0.5': 806, '1.0.4': 6, '1.0.3': 372, '1.0.2': 5, '1.0.1': 3, '1.0.0': 6}","{'pkmer.cn': 2, 'github.com': 1, 'DuckDuckGo': 1}"
2025-03-17 08:44:23.949776+00:00,1.0.5,8,6,2,0.75,3086037.5,2325740.4,11444633.924943,812,812,1204,0,7,"{'1.0.5': 812, '1.0.4': 6, '1.0.3': 372, '1.0.2': 5, '1.0.1': 3, '1.0.0': 6}","{'pkmer.cn': 2, 'github.com': 1}"
2025-03-18 08:43:55.313299+00:00,1.0.5,8,6,2,0.75,3086037.5,2325740.4,11531005.216581,820,820,1212,0,7,"{'1.0.5': 820, '1.0.4': 6, '1.0.3': 372, '1.0.2': 5, '1.0.1': 3, '1.0.0': 6}","{'pkmer.cn': 2, 'github.com': 1}"
2025-03-19 08:45:26.577415+00:00,1.0.5,8,6,2,0.75,3086037.5,2325740.4,11617495.06127,831,831,1223,0,8,"{'1.0.5': 831, '1.0.4': 6, '1.0.3': 372, '1.0.2': 5, '1.0.1': 3, '1.0.0': 6}","{'pkmer.cn': 2, 'Google': 1}"
2025-03-20 08:43:24.041033+00:00,1.0.5,8,6,3,0.67,3086037.5,2325740.4,11703773.425013,836,836,1228,0,12,"{'1.0.5': 836, '1.0.4': 6, '1.0.3': 372, '1.0.2': 5, '1.0.1': 3, '1.0.0': 6}",{'Google': 1}
2025-03-21 08:43:05.017858+00:00,1.0.5,8,6,3,0.67,3086037.5,2325740.4,11790153.488674,841,841,1233,0,11,"{'1.0.5': 841, '1.0.4': 6, '1.0.3': 372, '1.0.2': 5, '1.0.1': 3, '1.0.0': 6}","{'Google': 1, 'com.google.android.gm': 1}"
2025-03-22 08:40:20.186068+00:00,1.0.5,8,6,3,0.67,3086037.5,2325740.4,11876388.295002,847,847,1239,0,10,"{'1.0.5': 847, '1.0.4': 6, '1.0.3': 372, '1.0.2': 5, '1.0.1': 3, '1.0.0': 6}","{'Google': 1, 'com.google.android.gm': 1}"
2025-03-23 08:41:03.071770+00:00,1.0.5,8,6,3,0.67,3086037.5,2325740.4,11962832.563434,851,851,1243,0,9,"{'1.0.5': 851, '1.0.4': 6, '1.0.3': 372, '1.0.2': 5, '1.0.1': 3, '1.0.0': 6}","{'Google': 1, 'com.google.android.gm': 1}"
2025-03-24 08:45:14.806409+00:00,1.0.5,8,6,3,0.67,3086037.5,2325740.4,12049482.720781,855,855,1247,0,10,"{'1.0.5': 855, '1.0.4': 6, '1.0.3': 372, '1.0.2': 5, '1.0.1': 3, '1.0.0': 6}","{'Google': 2, 'com.google.android.gm': 1}"
2025-03-25 08:44:06.997063+00:00,1.0.5,8,6,3,0.67,3086037.5,2325740.4,12135816.353947,858,858,1250,0,12,"{'1.0.5': 858, '1.0.4': 6, '1.0.3': 372, '1.0.2': 5, '1.0.1': 3, '1.0.0': 6}","{'Google': 2, 'com.google.android.gm': 1}"
2025-03-26 08:44:40.556396+00:00,1.0.5,8,6,3,0.67,3086037.5,2325740.4,12222250.012004,860,860,1252,0,12,"{'1.0.5': 860, '1.0.4': 6, '1.0.3': 372, '1.0.2': 5, '1.0.1': 3, '1.0.0': 6}","{'Google': 2, 'com.google.android.gm': 1, 'pkmer.cn': 1}"
2025-03-27 08:44:14.202898+00:00,1.0.5,8,6,3,0.67,3086037.5,2325740.4,12308623.893677,869,869,1261,0,11,"{'1.0.5': 869, '1.0.4': 6, '1.0.3': 372, '1.0.2': 5, '1.0.1': 3, '1.0.0': 6}","{'Google': 2, 'com.google.android.gm': 1, 'pkmer.cn': 1}"
2025-03-28 08:43:57.425566+00:00,1.0.5,8,6,3,0.67,3086037.5,2325740.4,12395007.017931,873,873,1265,0,12,"{'1.0.5': 873, '1.0.4': 6, '1.0.3': 372, '1.0.2': 5, '1.0.1': 3, '1.0.0': 6}","{'Google': 2, 'github.com': 1, 'com.google.android.gm': 1, 'pkmer.cn': 1}"
2025-03-29 08:41:34.644243+00:00,1.0.5,8,6,3,0.67,3086037.5,2325740.4,12481263.265936,881,881,1273,0,12,"{'1.0.5': 881, '1.0.4': 6, '1.0.3': 372, '1.0.2': 5, '1.0.1': 3, '1.0.0': 6}","{'Google': 2, 'github.com': 1, 'com.google.android.gm': 1, 'pkmer.cn': 1}"
2025-03-30 08:40:42.993121+00:00,1.0.5,9,6,3,0.67,3086037.5,2325740.4,12567611.513346,889,889,1281,0,12,"{'1.0.5': 889, '1.0.4': 6, '1.0.3': 372, '1.0.2': 5, '1.0.1': 3, '1.0.0': 6}","{'Google': 2, 'github.com': 1, 'com.google.android.gm': 1, 'pkmer.cn': 1}"
2025-03-31 08:45:50.906917+00:00,1.0.5,9,6,3,0.67,3086037.5,2325740.4,12654320.591179,894,894,1286,0,12,"{'1.0.5': 894, '1.0.4': 6, '1.0.3': 372, '1.0.2': 5, '1.0.1': 3, '1.0.0': 6}","{'Google': 2, 'github.com': 1, 'com.google.android.gm': 1, 'pkmer.cn': 1}"
2025-04-01 08:45:53.776798+00:00,1.0.5,9,6,3,0.67,3086037.5,2325740.4,12740723.01777,901,901,1293,0,12,"{'1.0.5': 901, '1.0.4': 6, '1.0.3': 372, '1.0.2': 5, '1.0.1': 3, '1.0.0': 6}","{'Google': 1, 'github.com': 1, 'com.google.android.gm': 1, 'pkmer.cn': 1}"
2025-04-02 08:45:55.788492+00:00,1.0.5,9,6,3,0.67,3086037.5,2325740.4,12827125.542197,905,905,1297,0,10,"{'1.0.5': 905, '1.0.4': 6, '1.0.3': 372, '1.0.2': 5, '1.0.1': 3, '1.0.0': 6}","{'Google': 1, 'github.com': 1, 'com.google.android.gm': 1, 'pkmer.cn': 1}"
2025-04-03 08:44:57.465302+00:00,1.0.5,9,6,3,0.67,3086037.5,2325740.4,12913465.531447,916,916,1308,0,5,"{'1.0.5': 916, '1.0.4': 6, '1.0.3': 372, '1.0.2': 5, '1.0.1': 3, '1.0.0': 6}","{'Google': 1, 'github.com': 1, 'pkmer.cn': 1}"
2025-04-04 08:44:16.971133+00:00,1.0.5,9,6,3,0.67,3086037.5,2325740.4,12999826.752731,920,920,1312,0,6,"{'1.0.5': 920, '1.0.4': 6, '1.0.3': 372, '1.0.2': 5, '1.0.1': 3, '1.0.0': 6}","{'Google': 1, 'github.com': 1, 'pkmer.cn': 1}"
2025-04-05 08:40:48.502882+00:00,1.0.5,9,6,3,0.67,3086037.5,2325740.4,13086018.527717,929,929,1321,0,6,"{'1.0.5': 929, '1.0.4': 6, '1.0.3': 372, '1.0.2': 5, '1.0.1': 3, '1.0.0': 6}","{'Google': 1, 'github.com': 1, 'pkmer.cn': 1}"
2025-04-06 08:42:02.927168+00:00,1.0.5,9,6,3,0.67,3086037.5,2325740.4,13172491.11172,932,932,1324,0,6,"{'1.0.5': 932, '1.0.4': 6, '1.0.3': 372, '1.0.2': 5, '1.0.1': 3, '1.0.0': 6}","{'github.com': 1, 'pkmer.cn': 1}"
2025-04-07 08:45:45.079433+00:00,1.0.5,9,6,3,0.67,3086037.5,2325740.4,13259113.107948,936,936,1328,0,5,"{'1.0.5': 936, '1.0.4': 6, '1.0.3': 372, '1.0.2': 5, '1.0.1': 3, '1.0.0': 6}","{'github.com': 1, 'pkmer.cn': 1}"
2025-04-08 08:45:48.945489+00:00,1.0.5,9,6,3,0.67,3086037.5,2325740.4,13345518.732853,942,942,1334,0,3,"{'1.0.5': 942, '1.0.4': 6, '1.0.3': 372, '1.0.2': 5, '1.0.1': 3, '1.0.0': 6}",{'github.com': 1}
2025-04-09 08:47:30.766474+00:00,1.0.5,9,6,3,0.67,3086037.5,2325740.4,13432019.210019,951,951,1343,0,3,"{'1.0.5': 951, '1.0.4': 6, '1.0.3': 372, '1.0.2': 5, '1.0.1': 3, '1.0.0': 6}",{'github.com': 1}
2025-04-10 08:45:38.143661+00:00,1.0.5,9,6,3,0.67,3086037.5,2325740.4,13518306.480898,958,958,1350,0,3,"{'1.0.5': 958, '1.0.4': 6, '1.0.3': 372, '1.0.2': 5, '1.0.1': 3, '1.0.0': 6}",{}
2025-04-11 08:45:02.001390+00:00,1.0.5,9,6,3,0.67,3086037.5,2325740.4,13604671.36545,965,965,1357,0,2,"{'1.0.5': 965, '1.0.4': 6, '1.0.3': 372, '1.0.2': 5, '1.0.1': 3, '1.0.0': 6}",{}
2025-04-12 08:41:23.211868+00:00,1.0.5,9,6,3,0.67,3086037.5,2325740.4,13690853.229434,972,972,1364,0,3,"{'1.0.5': 972, '1.0.4': 6, '1.0.3': 372, '1.0.2': 5, '1.0.1': 3, '1.0.0': 6}",{'github.com': 1}
2025-04-13 08:42:18.083905+00:00,1.0.5,9,6,3,0.67,3086037.5,2325740.4,13777306.691803,976,976,1368,0,4,"{'1.0.5': 976, '1.0.4': 6, '1.0.3': 372, '1.0.2': 5, '1.0.1': 3, '1.0.0': 6}","{'github.com': 1, 'DuckDuckGo': 1}"
2025-04-14 08:46:31.295163+00:00,1.0.5,9,6,3,0.67,3086037.5,2325740.4,13863961.140174,983,983,1375,0,5,"{'1.0.5': 983, '1.0.4': 6, '1.0.3': 372, '1.0.2': 5, '1.0.1': 3, '1.0.0': 6}","{'github.com': 1, 'DuckDuckGo': 1}"
2025-04-15 08:46:47.703625+00:00,1.0.5,9,6,3,0.67,3086037.5,2325740.4,13950375.744805,987,987,1379,0,5,"{'1.0.5': 987, '1.0.4': 6, '1.0.3': 372, '1.0.2': 5, '1.0.1': 3, '1.0.0': 6}","{'obsidian.md': 2, 'github.com': 1, 'DuckDuckGo': 1}"
2025-04-16 08:46:49.669698+00:00,1.0.5,9,6,3,0.67,3086037.5,2325740.4,14036777.993507,992,992,1384,0,6,"{'1.0.5': 992, '1.0.4': 6, '1.0.3': 372, '1.0.2': 5, '1.0.1': 3, '1.0.0': 6}","{'obsidian.md': 2, 'github.com': 1, 'DuckDuckGo': 1}"
2025-04-17 08:45:59.105884+00:00,1.0.5,9,6,3,0.67,3086037.5,2325740.4,14123128.560304,997,997,1389,0,6,"{'1.0.5': 997, '1.0.4': 6, '1.0.3': 372, '1.0.2': 5, '1.0.1': 3, '1.0.0': 6}","{'obsidian.md': 2, 'github.com': 1, 'DuckDuckGo': 1}"
2025-04-18 08:44:28.199191+00:00,1.0.5,9,6,3,0.67,3086037.5,2325740.4,14209435.516163,1007,1007,1399,0,5,"{'1.0.5': 1007, '1.0.4': 6, '1.0.3': 372, '1.0.2': 5, '1.0.1': 3, '1.0.0': 6}","{'obsidian.md': 2, 'github.com': 1, 'DuckDuckGo': 1}"
2025-04-19 08:41:12.175385+00:00,1.0.5,9,6,3,0.67,3086037.5,2325740.4,14295642.408008,1017,1017,1409,0,6,"{'1.0.5': 1017, '1.0.4': 6, '1.0.3': 372, '1.0.2': 5, '1.0.1': 3, '1.0.0': 6}","{'obsidian.md': 2, 'github.com': 1, 'DuckDuckGo': 1}"
2025-04-20 08:40:57.483063+00:00,1.0.5,9,6,3,0.67,3086037.5,2325740.4,14382027.725592,1023,1023,1415,0,7,"{'1.0.5': 1023, '1.0.4': 6, '1.0.3': 372, '1.0.2': 5, '1.0.1': 3, '1.0.0': 6}","{'obsidian.md': 2, 'github.com': 1, 'DuckDuckGo': 1}"
2025-04-21 08:46:11.771206+00:00,1.0.5,9,6,3,0.67,3086037.5,2325740.4,14468739.685308,1030,1030,1422,0,7,"{'1.0.5': 1030, '1.0.4': 6, '1.0.3': 372, '1.0.2': 5, '1.0.1': 3, '1.0.0': 6}","{'obsidian.md': 2, 'github.com': 1, 'DuckDuckGo': 1}"
2025-04-22 08:45:53.626665+00:00,1.0.5,9,6,3,0.67,3086037.5,2325740.4,14555123.455179,1034,1034,1426,0,8,"{'1.0.5': 1034, '1.0.4': 6, '1.0.3': 372, '1.0.2': 5, '1.0.1': 3, '1.0.0': 6}","{'obsidian.md': 3, 'github.com': 1, 'DuckDuckGo': 1}"
2025-04-23 08:46:46.261792+00:00,1.0.5,9,6,3,0.67,3086037.5,2325740.4,14641574.660059,1040,1040,1432,0,8,"{'1.0.5': 1040, '1.0.4': 6, '1.0.3': 372, '1.0.2': 5, '1.0.1': 3, '1.0.0': 6}","{'obsidian.md': 3, 'github.com': 1, 'DuckDuckGo': 1}"
2025-04-24 08:46:33.324538+00:00,1.0.5,9,6,3,0.67,3086037.5,2325740.4,14727961.620978,1047,1047,1439,0,10,"{'1.0.5': 1047, '1.0.4': 6, '1.0.3': 372, '1.0.2': 5, '1.0.1': 3, '1.0.0': 6}","{'obsidian.md': 4, 'github.com': 1, 'DuckDuckGo': 1}"
2025-04-25 08:46:02.385312+00:00,1.0.5,9,6,3,0.67,3086037.5,2325740.4,14814332.007051,1059,1059,1451,0,10,"{'1.0.5': 1059, '1.0.4': 6, '1.0.3': 372, '1.0.2': 5, '1.0.1': 3, '1.0.0': 6}","{'obsidian.md': 4, 'github.com': 2, 'DuckDuckGo': 1}"
2025-04-26 08:41:55.772157+00:00,1.0.5,9,6,3,0.67,3086037.5,2325740.4,14900485.783322,1072,1072,1464,0,10,"{'1.0.5': 1072, '1.0.4': 6, '1.0.3': 372, '1.0.2': 5, '1.0.1': 3, '1.0.0': 6}","{'obsidian.md': 4, 'github.com': 2}"
2025-04-27 08:41:42.674823+00:00,1.0.5,9,6,3,0.67,3086037.5,2325740.4,14986872.220079,1079,1079,1471,0,10,"{'1.0.5': 1079, '1.0.4': 6, '1.0.3': 372, '1.0.2': 5, '1.0.1': 3, '1.0.0': 6}","{'obsidian.md': 4, 'github.com': 2}"
2025-04-28 10:24:07.036871+00:00,1.0.5,9,6,3,0.67,3086037.5,2325740.4,15079415.484126,1088,1088,1480,0,10,"{'1.0.5': 1088, '1.0.4': 6, '1.0.3': 372, '1.0.2': 5, '1.0.1': 3, '1.0.0': 6}","{'obsidian.md': 2, 'github.com': 2}"
2025-04-29 08:47:43.504388+00:00,1.0.5,9,6,3,0.67,3086037.5,2325740.4,15160031.821666,1096,1096,1488,0,9,"{'1.0.5': 1096, '1.0.4': 6, '1.0.3': 372, '1.0.2': 5, '1.0.1': 3, '1.0.0': 6}","{'obsidian.md': 2, 'github.com': 2}"
2025-04-30 08:46:17.916945+00:00,1.0.5,9,6,3,0.67,3086037.5,2325740.4,15246346.304102,1101,1101,1493,0,8,"{'1.0.5': 1101, '1.0.4': 6, '1.0.3': 372, '1.0.2': 5, '1.0.1': 3, '1.0.0': 6}","{'obsidian.md': 2, 'github.com': 2}"
2025-05-01 08:45:15.051383+00:00,1.0.5,9,6,3,0.67,3086037.5,2325740.4,15332685.037112,1111,1111,1503,0,9,"{'1.0.5': 1111, '1.0.4': 6, '1.0.3': 372, '1.0.2': 5, '1.0.1': 3, '1.0.0': 6}","{'obsidian.md': 3, 'github.com': 2}"
2025-05-02 08:45:24.129810+00:00,1.0.5,9,6,3,0.67,3086037.5,2325740.4,15419093.384172,1122,1122,1514,0,10,"{'1.0.5': 1122, '1.0.4': 6, '1.0.3': 372, '1.0.2': 5, '1.0.1': 3, '1.0.0': 6}","{'obsidian.md': 4, 'github.com': 2}"
2025-05-03 08:42:20.830493+00:00,1.0.5,9,6,3,0.67,3086037.5,2325740.4,15505310.905438,1126,1126,1518,0,9,"{'1.0.5': 1126, '1.0.4': 6, '1.0.3': 372, '1.0.2': 5, '1.0.1': 3, '1.0.0': 6}","{'obsidian.md': 4, 'github.com': 2}"
2025-05-04 08:42:12.660505+00:00,1.0.5,9,6,3,0.67,3086037.5,2325740.4,15591702.187095,1134,1134,1526,0,9,"{'1.0.5': 1134, '1.0.4': 6, '1.0.3': 372, '1.0.2': 5, '1.0.1': 3, '1.0.0': 6}","{'obsidian.md': 4, 'github.com': 2}"
2025-05-05 08:47:35.238434+00:00,1.0.5,9,6,3,0.67,3086037.5,2325740.4,15678423.643329,1144,1144,1536,0,10,"{'1.0.5': 1144, '1.0.4': 6, '1.0.3': 372, '1.0.2': 5, '1.0.1': 3, '1.0.0': 6}","{'obsidian.md': 7, 'github.com': 2}"
2025-05-06 08:46:55.070439+00:00,1.0.5,9,6,3,0.67,3086037.5,2325740.4,15764784.504753,1153,1153,1545,0,10,"{'1.0.5': 1153, '1.0.4': 6, '1.0.3': 372, '1.0.2': 5, '1.0.1': 3, '1.0.0': 6}","{'obsidian.md': 7, 'github.com': 2}"
2025-05-07 08:48:07.157335+00:00,1.0.5,9,6,3,0.67,3086037.5,2325740.4,15851256.470973,1162,1162,1554,0,10,"{'1.0.5': 1162, '1.0.4': 6, '1.0.3': 372, '1.0.2': 5, '1.0.1': 3, '1.0.0': 6}","{'obsidian.md': 6, 'github.com': 2}"
2025-05-08 08:47:05.419137+00:00,1.0.5,9,6,3,0.67,3086037.5,2325740.4,15937595.190136,1176,1176,1568,0,11,"{'1.0.5': 1176, '1.0.4': 6, '1.0.3': 372, '1.0.2': 5, '1.0.1': 3, '1.0.0': 6}",{'obsidian.md': 6}
2025-05-09 08:46:09.641703+00:00,1.0.5,9,6,3,0.67,3086037.5,2325740.4,16023938.861347,1185,1185,1577,0,13,"{'1.0.5': 1185, '1.0.4': 6, '1.0.3': 372, '1.0.2': 5, '1.0.1': 3, '1.0.0': 6}","{'obsidian.md': 6, 'DuckDuckGo': 1, 'yandex.ru': 1}"
2025-05-10 08:42:25.427191+00:00,1.0.5,9,6,3,0.67,3086037.5,2325740.4,16110115.47026,1194,1194,1586,0,11,"{'1.0.5': 1194, '1.0.4': 6, '1.0.3': 372, '1.0.2': 5, '1.0.1': 3, '1.0.0': 6}","{'obsidian.md': 6, 'DuckDuckGo': 1, 'yandex.ru': 1}"
2025-05-11 08:44:09.663873+00:00,1.0.5,9,6,3,0.67,3086037.5,2325740.4,16196618.543646,1199,1199,1591,0,10,"{'1.0.5': 1199, '1.0.4': 6, '1.0.3': 372, '1.0.2': 5, '1.0.1': 3, '1.0.0': 6}","{'obsidian.md': 6, 'DuckDuckGo': 1, 'yandex.ru': 1}"
2025-05-12 08:47:58.372813+00:00,1.0.5,9,6,3,0.67,3086037.5,2325740.4,16283246.889127,1205,1205,1597,0,10,"{'1.0.5': 1205, '1.0.4': 6, '1.0.3': 372, '1.0.2': 5, '1.0.1': 3, '1.0.0': 6}","{'obsidian.md': 6, 'DuckDuckGo': 1, 'yandex.ru': 1}"
2025-05-13 08:47:50.464525+00:00,1.0.5,9,6,3,0.67,3086037.5,2325740.4,16369640.175524,1218,1218,1610,0,10,"{'1.0.5': 1218, '1.0.4': 6, '1.0.3': 372, '1.0.2': 5, '1.0.1': 3, '1.0.0': 6}","{'obsidian.md': 6, 'DuckDuckGo': 1, 'yandex.ru': 1}"
2025-05-14 08:47:32.743306+00:00,1.0.5,9,6,3,0.67,3086037.5,2325740.4,16456022.370079,1221,1221,1613,0,11,"{'1.0.5': 1221, '1.0.4': 6, '1.0.3': 372, '1.0.2': 5, '1.0.1': 3, '1.0.0': 6}","{'obsidian.md': 5, 'DuckDuckGo': 1, 'yandex.ru': 1}"
2025-05-15 08:47:21.742865+00:00,1.0.5,9,6,3,0.67,3086037.5,2325740.4,16542410.046972,1228,1228,1620,0,10,"{'1.0.5': 1228, '1.0.4': 6, '1.0.3': 372, '1.0.2': 5, '1.0.1': 3, '1.0.0': 6}","{'obsidian.md': 4, 'chatgpt.com': 1, 'DuckDuckGo': 1, 'yandex.ru': 1}"
2025-05-16 08:47:14.055249+00:00,1.0.5,9,6,3,0.67,3086037.5,2325740.4,16628802.342576,1235,1235,1627,0,9,"{'1.0.5': 1235, '1.0.4': 6, '1.0.3': 372, '1.0.2': 5, '1.0.1': 3, '1.0.0': 6}","{'obsidian.md': 4, 'chatgpt.com': 1, 'DuckDuckGo': 1, 'yandex.ru': 1}"
2025-05-17 08:42:59.718784+00:00,1.0.5,9,6,3,0.67,3086037.5,2325740.4,16714949.831644,1243,1243,1635,0,9,"{'1.0.5': 1243, '1.0.4': 6, '1.0.3': 372, '1.0.2': 5, '1.0.1': 3, '1.0.0': 6}","{'obsidian.md': 4, 'chatgpt.com': 1, 'DuckDuckGo': 1, 'yandex.ru': 1}"
2025-05-18 08:42:30.169932+00:00,1.0.5,9,6,3,0.67,3086037.5,2325740.4,16801319.074126,1246,1246,1638,0,8,"{'1.0.5': 1246, '1.0.4': 6, '1.0.3': 372, '1.0.2': 5, '1.0.1': 3, '1.0.0': 6}","{'chatgpt.com': 1, 'DuckDuckGo': 1, 'yandex.ru': 1}"
2025-05-19 08:48:52.460167+00:00,1.0.5,9,6,3,0.67,3086037.5,2325740.4,16888102.202994,1250,1250,1642,0,7,"{'1.0.5': 1250, '1.0.4': 6, '1.0.3': 372, '1.0.2': 5, '1.0.1': 3, '1.0.0': 6}","{'chatgpt.com': 1, 'DuckDuckGo': 1, 'yandex.ru': 1}"
2025-05-20 08:48:37.968806+00:00,1.0.5,9,6,3,0.67,3086037.5,2325740.4,16974486.225559,1264,1264,1656,0,7,"{'1.0.5': 1264, '1.0.4': 6, '1.0.3': 372, '1.0.2': 5, '1.0.1': 3, '1.0.0': 6}","{'chatgpt.com': 1, 'obsidian.md': 1, 'DuckDuckGo': 1, 'yandex.ru': 1}"
2025-05-21 08:47:30.002906+00:00,1.0.5,9,6,3,0.67,3086037.5,2325740.4,17060819.57115,1269,1269,1661,0,7,"{'1.0.5': 1269, '1.0.4': 6, '1.0.3': 372, '1.0.2': 5, '1.0.1': 3, '1.0.0': 6}","{'chatgpt.com': 1, 'obsidian.md': 1, 'DuckDuckGo': 1, 'yandex.ru': 1}"
2025-05-22 08:47:19.569215+00:00,1.0.5,9,6,3,0.67,3086037.5,2325740.4,17147209.13817,1277,1277,1669,0,7,"{'1.0.5': 1277, '1.0.4': 6, '1.0.3': 372, '1.0.2': 5, '1.0.1': 3, '1.0.0': 6}","{'yandex.ru': 2, 'chatgpt.com': 1, 'obsidian.md': 1}"
2025-05-23 08:46:58.062734+00:00,1.0.5,9,6,3,0.67,3086037.5,2325740.4,17233587.77386,1285,1285,1677,0,5,"{'1.0.5': 1285, '1.0.4': 6, '1.0.3': 372, '1.0.2': 5, '1.0.1': 3, '1.0.0': 6}","{'yandex.ru': 2, 'chatgpt.com': 1, 'obsidian.md': 1, 'pkmer.cn': 1}"
2025-05-24 08:42:27.931337+00:00,1.0.5,9,6,3,0.67,3086037.5,2325740.4,17319717.47496,1290,1290,1682,0,5,"{'1.0.5': 1290, '1.0.4': 6, '1.0.3': 372, '1.0.2': 5, '1.0.1': 3, '1.0.0': 6}","{'yandex.ru': 2, 'chatgpt.com': 1, 'obsidian.md': 1, 'pkmer.cn': 1}"
2025-05-25 08:44:08.529252+00:00,1.0.5,9,6,3,0.67,3086037.5,2325740.4,17406218.676384,1300,1300,1692,0,5,"{'1.0.5': 1300, '1.0.4': 6, '1.0.3': 372, '1.0.2': 5, '1.0.1': 3, '1.0.0': 6}","{'yandex.ru': 2, 'chatgpt.com': 1, 'obsidian.md': 1, 'pkmer.cn': 1}"
2025-05-27 08:47:24.961385+00:00,1.0.5,9,6,3,0.67,3086037.5,2325740.4,17579214.67331,1320,1320,1712,0,7,"{'1.0.5': 1320, '1.0.4': 6, '1.0.3': 372, '1.0.2': 5, '1.0.1': 3, '1.0.0': 6}","{'yandex.ru': 2, 'chatgpt.com': 1, 'obsidian.md': 1, 'DuckDuckGo': 1, 'pkmer.cn': 1}"
2025-05-28 08:48:16.746781+00:00,1.0.5,9,6,3,0.67,3086037.5,2325740.4,17665666.595597,1327,1327,1719,0,6,"{'1.0.5': 1327, '1.0.4': 6, '1.0.3': 372, '1.0.2': 5, '1.0.1': 3, '1.0.0': 6}","{'yandex.ru': 2, 'obsidian.md': 1, 'DuckDuckGo': 1, 'pkmer.cn': 1}"
2025-05-29 08:47:38.512178+00:00,1.0.5,9,6,3,0.67,3086037.5,2325740.4,17752027.947876,1342,1342,1734,0,10,"{'1.0.5': 1342, '1.0.4': 6, '1.0.3': 372, '1.0.2': 5, '1.0.1': 3, '1.0.0': 6}","{'yandex.ru': 2, 'Bing': 1, 'obsidian.md': 1, 'DuckDuckGo': 1, 'pkmer.cn': 1}"
2025-05-30 08:46:50.614537+00:00,1.0.5,9,6,3,0.67,3086037.5,2325740.4,17838380.219359,1355,1355,1747,0,10,"{'1.0.5': 1355, '1.0.4': 6, '1.0.3': 372, '1.0.2': 5, '1.0.1': 3, '1.0.0': 6}","{'obsidian.md': 2, 'yandex.ru': 2, 'forum.obsidian.md': 1, 'Bing': 1, 'DuckDuckGo': 1, 'pkmer.cn': 1}"
2025-05-31 08:43:52.405121+00:00,1.0.5,9,6,3,0.67,3086037.5,2325740.4,17924602.360696,1360,1360,1752,0,11,"{'1.0.5': 1360, '1.0.4': 6, '1.0.3': 372, '1.0.2': 5, '1.0.1': 3, '1.0.0': 6}","{'Bing': 3, 'obsidian.md': 2, 'yandex.ru': 2, 'forum.obsidian.md': 1, 'DuckDuckGo': 1, 'pkmer.cn': 1}"
2025-06-01 08:45:06.273029+00:00,1.0.5,9,6,3,0.67,3086037.5,2325740.4,18011074.810791,1365,1365,1757,0,11,"{'1.0.5': 1365, '1.0.4': 6, '1.0.3': 372, '1.0.2': 5, '1.0.1': 3, '1.0.0': 6}","{'Bing': 3, 'obsidian.md': 2, 'yandex.ru': 2, 'forum.obsidian.md': 1, 'DuckDuckGo': 1, 'pkmer.cn': 1}"
2025-06-02 08:48:46.797284+00:00,1.0.5,9,6,4,0.6,3086037.5,2325740.4,18097694.77046,1376,1376,1768,0,14,"{'1.0.5': 1376, '1.0.4': 6, '1.0.3': 372, '1.0.2': 5, '1.0.1': 3, '1.0.0': 6}","{'Bing': 3, 'github.com': 3, 'yandex.ru': 2, 'pkmer.cn': 1, 'obsidian.md': 1, 'forum.obsidian.md': 1, 'DuckDuckGo': 1}"
2025-06-03 08:49:22.500126+00:00,1.0.5,9,6,4,0.6,3086037.5,2325740.4,18184131.745959,1385,1385,1777,0,14,"{'1.0.5': 1385, '1.0.4': 6, '1.0.3': 372, '1.0.2': 5, '1.0.1': 3, '1.0.0': 6}","{'github.com': 4, 'Bing': 3, 'yandex.ru': 2, 'pkmer.cn': 1, 'obsidian.md': 1, 'forum.obsidian.md': 1, 'DuckDuckGo': 1}"
2025-06-04 08:49:12.840259+00:00,1.0.5,9,6,4,0.6,3086037.5,2325740.4,18270522.415141,1392,1392,1784,0,15,"{'1.0.5': 1392, '1.0.4': 6, '1.0.3': 372, '1.0.2': 5, '1.0.1': 3, '1.0.0': 6}","{'github.com': 4, 'Bing': 3, 'forum.obsidian.md': 1, 'obsidian.md': 1, 'DuckDuckGo': 1, 'pkmer.cn': 1}"
2025-06-05 08:47:54.648350+00:00,1.0.5,9,6,4,0.6,3086037.5,2325740.4,18356841.984118,1405,1405,1797,0,13,"{'1.0.5': 1405, '1.0.4': 6, '1.0.3': 372, '1.0.2': 5, '1.0.1': 3, '1.0.0': 6}","{'github.com': 6, 'Bing': 3, 'forum.obsidian.md': 1, 'obsidian.md': 1, 'DuckDuckGo': 1}"
2025-06-06 08:46:51.118572+00:00,1.0.5,9,6,4,0.6,3086037.5,2325740.4,18443179.046128,1414,1414,1806,0,16,"{'1.0.5': 1414, '1.0.4': 6, '1.0.3': 372, '1.0.2': 5, '1.0.1': 3, '1.0.0': 6}","{'github.com': 7, 'Bing': 3, 'obsidian.md': 2, 'forum.obsidian.md': 1, 'Google': 1, 'DuckDuckGo': 1}"
2025-06-07 08:43:48.673244+00:00,1.0.5,9,6,4,0.6,3086037.5,2325740.4,18529396.559993,1422,1422,1814,0,16,"{'1.0.5': 1422, '1.0.4': 6, '1.0.3': 372, '1.0.2': 5, '1.0.1': 3, '1.0.0': 6}","{'github.com': 7, 'Bing': 3, 'obsidian.md': 2, 'forum.obsidian.md': 1, 'Google': 1, 'DuckDuckGo': 1}"
2025-06-08 08:43:09.304152+00:00,1.0.5,9,6,4,0.6,3086037.5,2325740.4,18615759.381313,1435,1435,1827,0,17,"{'1.0.5': 1435, '1.0.4': 6, '1.0.3': 372, '1.0.2': 5, '1.0.1': 3, '1.0.0': 6}","{'github.com': 7, 'Bing': 3, 'obsidian.md': 2, 'forum.obsidian.md': 1, 'Google': 1, 'DuckDuckGo': 1}"
2025-06-09 08:49:33.386946+00:00,1.0.5,9,6,4,0.6,3086037.5,2325740.4,18702542.734478,1442,1442,1834,0,17,"{'1.0.5': 1442, '1.0.4': 6, '1.0.3': 372, '1.0.2': 5, '1.0.1': 3, '1.0.0': 6}","{'github.com': 7, 'Bing': 3, 'obsidian.md': 2, 'forum.obsidian.md': 1, 'Google': 1}"
2025-06-10 08:49:11.658710+00:00,1.0.5,9,6,4,0.6,3086037.5,2325740.4,18788921.343266,1448,1448,1840,0,15,"{'1.0.5': 1448, '1.0.4': 6, '1.0.3': 372, '1.0.2': 5, '1.0.1': 3, '1.0.0': 6}","{'github.com': 7, 'Bing': 3, 'obsidian.md': 2, 'forum.obsidian.md': 1, 'Google': 1}"
2025-06-11 08:48:47.729440+00:00,1.0.5,9,6,4,0.6,3086037.5,2325740.4,18875297.516719,1459,1459,1851,0,15,"{'1.0.5': 1459, '1.0.4': 6, '1.0.3': 372, '1.0.2': 5, '1.0.1': 3, '1.0.0': 6}","{'github.com': 7, 'obsidian.md': 2, 'Bing': 2, 'forum.obsidian.md': 1, 'Google': 1}"
2025-06-12 08:48:40.584105+00:00,1.0.5,9,6,4,0.6,3086037.5,2325740.4,18961690.122715,1469,1469,1861,0,12,"{'1.0.5': 1469, '1.0.4': 6, '1.0.3': 372, '1.0.2': 5, '1.0.1': 3, '1.0.0': 6}","{'github.com': 7, 'Bing': 2, 'Google': 1, 'obsidian.md': 1}"
2025-06-13 08:47:50.330374+00:00,1.0.5,9,6,4,0.6,3086037.5,2325740.4,19048040.038699,1472,1472,1864,0,13,"{'1.0.5': 1472, '1.0.4': 6, '1.0.3': 372, '1.0.2': 5, '1.0.1': 3, '1.0.0': 6}","{'github.com': 7, 'Google': 1, 'obsidian.md': 1}"
2025-06-14 08:44:06.621704+00:00,1.0.5,9,6,4,0.6,3086037.5,2325740.4,19134214.144422,1480,1480,1872,0,12,"{'1.0.5': 1480, '1.0.4': 6, '1.0.3': 372, '1.0.2': 5, '1.0.1': 3, '1.0.0': 6}","{'github.com': 7, 'Bing': 3, 'Google': 1, 'obsidian.md': 1}"
2025-06-15 08:43:51.811120+00:00,1.0.5,9,6,4,0.6,3086037.5,2325740.4,19220601.472037,1484,1484,1876,0,13,"{'1.0.5': 1484, '1.0.4': 6, '1.0.3': 372, '1.0.2': 5, '1.0.1': 3, '1.0.0': 6}","{'github.com': 4, 'Bing': 3, 'Google': 1, 'obsidian.md': 1, 'yandex.ru': 1}"
2025-06-16 08:50:02.499359+00:00,1.0.5,9,6,4,0.6,3086037.5,2325740.4,19307372.426826,1493,1493,1885,0,10,"{'1.0.5': 1493, '1.0.4': 6, '1.0.3': 372, '1.0.2': 5, '1.0.1': 3, '1.0.0': 6}","{'github.com': 3, 'Bing': 3, 'Google': 1, 'obsidian.md': 1, 'yandex.ru': 1}"
2025-06-17 08:49:54.538638+00:00,1.0.5,9,6,4,0.6,3086037.5,2325740.4,19393763.885211,1502,1502,1894,0,9,"{'1.0.5': 1502, '1.0.4': 6, '1.0.3': 372, '1.0.2': 5, '1.0.1': 3, '1.0.0': 6}","{'github.com': 3, 'Bing': 3, 'Google': 1, 'obsidian.md': 1, 'yandex.ru': 1}"
2025-06-18 08:49:13.335442+00:00,1.0.5,9,6,4,0.6,3086037.5,2325740.4,19480123.077883,1506,1506,1898,0,7,"{'1.0.5': 1506, '1.0.4': 6, '1.0.3': 372, '1.0.2': 5, '1.0.1': 3, '1.0.0': 6}","{'Bing': 3, 'Google': 1, 'github.com': 1, 'obsidian.md': 1, 'yandex.ru': 1}"
2025-06-19 08:48:26.251895+00:00,1.0.5,9,6,4,0.6,3086037.5,2325740.4,19566475.937888,1516,1516,1908,0,5,"{'1.0.5': 1516, '1.0.4': 6, '1.0.3': 372, '1.0.2': 5, '1.0.1': 3, '1.0.0': 6}","{'Bing': 3, 'yandex.ru': 1}"
2025-06-20 08:48:15.431886+00:00,1.0.5,9,6,4,0.6,3086037.5,2325740.4,19652864.597594,1522,1522,1914,0,5,"{'1.0.5': 1522, '1.0.4': 6, '1.0.3': 372, '1.0.2': 5, '1.0.1': 3, '1.0.0': 6}","{'Bing': 3, 'DuckDuckGo': 1, 'yandex.ru': 1}"
2025-06-21 08:45:03.568985+00:00,1.0.5,9,6,4,0.6,3086037.5,2325740.4,19739073.003202,1530,1530,1922,0,5,"{'1.0.5': 1530, '1.0.4': 6, '1.0.3': 372, '1.0.2': 5, '1.0.1': 3, '1.0.0': 6}","{'Bing': 3, 'DuckDuckGo': 1, 'yandex.ru': 1}"
2025-06-22 08:44:45.467633+00:00,1.0.5,9,6,4,0.6,3086037.5,2325740.4,19825454.862535,1538,1538,1930,0,5,"{'1.0.5': 1538, '1.0.4': 6, '1.0.3': 372, '1.0.2': 5, '1.0.1': 3, '1.0.0': 6}","{'Bing': 3, 'obsidian.md': 1, 'DuckDuckGo': 1, 'yandex.ru': 1}"
2025-06-23 08:50:00.266656+00:00,1.0.5,9,6,4,0.6,3086037.5,2325740.4,19912168.177201,1543,1543,1935,0,6,"{'1.0.5': 1543, '1.0.4': 6, '1.0.3': 372, '1.0.2': 5, '1.0.1': 3, '1.0.0': 6}","{'Bing': 3, 'obsidian.md': 1, 'DuckDuckGo': 1, 'yandex.ru': 1}"
2025-06-24 08:49:45.782052+00:00,1.0.5,9,6,4,0.6,3086037.5,2325740.4,19998553.766813,1551,1551,1943,0,6,"{'1.0.5': 1551, '1.0.4': 6, '1.0.3': 372, '1.0.2': 5, '1.0.1': 3, '1.0.0': 6}","{'Bing': 3, 'obsidian.md': 1, 'DuckDuckGo': 1, 'yandex.ru': 1}"
2025-06-25 08:50:03.911125+00:00,1.0.5,9,6,4,0.6,3086037.5,2325740.4,20084973.653707,1566,1566,1958,0,6,"{'1.0.5': 1566, '1.0.4': 6, '1.0.3': 372, '1.0.2': 5, '1.0.1': 3, '1.0.0': 6}","{'Bing': 3, 'obsidian.md': 1, 'DuckDuckGo': 1, 'yandex.ru': 1}"
2025-06-26 08:49:08.641880+00:00,1.0.5,9,6,4,0.6,3086037.5,2325740.4,20171318.409313,1574,1574,1966,0,6,"{'1.0.5': 1574, '1.0.4': 6, '1.0.3': 372, '1.0.2': 5, '1.0.1': 3, '1.0.0': 6}","{'Bing': 3, 'obsidian.md': 1, 'DuckDuckGo': 1, 'yandex.ru': 1}"
2025-06-27 08:49:00.324910+00:00,1.0.5,9,6,4,0.6,3086037.5,2325740.4,20257708.221837,1579,1579,1971,0,5,"{'1.0.5': 1579, '1.0.4': 6, '1.0.3': 372, '1.0.2': 5, '1.0.1': 3, '1.0.0': 6}","{'obsidian.md': 1, 'DuckDuckGo': 1, 'yandex.ru': 1}"
2025-06-28 08:45:06.845847+00:00,1.0.5,9,6,4,0.6,3086037.5,2325740.4,20343875.500703,1585,1585,1977,0,6,"{'1.0.5': 1585, '1.0.4': 6, '1.0.3': 372, '1.0.2': 5, '1.0.1': 3, '1.0.0': 6}","{'obsidian.md': 2, 'DuckDuckGo': 1}"
2025-06-29 08:44:43.786629+00:00,1.0.5,9,6,4,0.6,3086037.5,2325740.4,20430253.75757,1593,1593,1985,0,5,"{'1.0.5': 1593, '1.0.4': 6, '1.0.3': 372, '1.0.2': 5, '1.0.1': 3, '1.0.0': 6}","{'obsidian.md': 2, 'DuckDuckGo': 1}"
2025-06-30 08:50:08.083594+00:00,1.0.5,9,6,4,0.6,3086037.5,2325740.4,20516977.734789,1603,1603,1995,0,6,"{'1.0.5': 1603, '1.0.4': 6, '1.0.3': 372, '1.0.2': 5, '1.0.1': 3, '1.0.0': 6}","{'obsidian.md': 3, 'DuckDuckGo': 1}"
2025-07-01 08:50:04.481392+00:00,1.0.5,9,6,4,0.6,3086037.5,2325740.4,20603373.768392,1609,1609,2001,0,6,"{'1.0.5': 1609, '1.0.4': 6, '1.0.3': 372, '1.0.2': 5, '1.0.1': 3, '1.0.0': 6}","{'obsidian.md': 5, 'DuckDuckGo': 1}"
2025-07-02 08:49:50.861190+00:00,1.0.5,9,6,4,0.6,3086037.5,2325740.4,20689760.748778,1611,1611,2003,0,7,"{'1.0.5': 1611, '1.0.4': 6, '1.0.3': 372, '1.0.2': 5, '1.0.1': 3, '1.0.0': 6}","{'obsidian.md': 5, 'Bing': 1, 'DuckDuckGo': 1}"
2025-07-03 08:48:37.398175+00:00,1.0.5,9,6,4,0.6,3086037.5,2325740.4,20776087.173333,1620,1620,2012,0,7,"{'1.0.5': 1620, '1.0.4': 6, '1.0.3': 372, '1.0.2': 5, '1.0.1': 3, '1.0.0': 6}","{'obsidian.md': 5, 'Bing': 1}"
2025-07-04 08:48:17.592161+00:00,1.0.5,9,6,4,0.6,3086037.5,2325740.4,20862467.308345,1631,1631,2023,0,7,"{'1.0.5': 1631, '1.0.4': 6, '1.0.3': 372, '1.0.2': 5, '1.0.1': 3, '1.0.0': 6}","{'obsidian.md': 5, 'github.com': 1, 'Bing': 1}"
2025-07-05 08:45:23.815389+00:00,1.0.5,9,6,4,0.6,3086037.5,2325740.4,20948691.894192,1637,1637,2029,0,7,"{'1.0.5': 1637, '1.0.4': 6, '1.0.3': 372, '1.0.2': 5, '1.0.1': 3, '1.0.0': 6}","{'obsidian.md': 4, 'github.com': 1, 'Bing': 1}"
2025-07-06 08:44:51.671394+00:00,1.0.5,9,6,4,0.6,3086037.5,2325740.4,21035061.196668,1644,1644,2036,0,6,"{'1.0.5': 1644, '1.0.4': 6, '1.0.3': 372, '1.0.2': 5, '1.0.1': 3, '1.0.0': 6}","{'obsidian.md': 4, 'github.com': 1, 'Bing': 1}"
2025-07-07 08:50:30.695571+00:00,1.0.5,9,6,4,0.6,3086037.5,2325740.4,21121799.581248,1647,1647,2039,0,6,"{'1.0.5': 1647, '1.0.4': 6, '1.0.3': 372, '1.0.2': 5, '1.0.1': 3, '1.0.0': 6}","{'obsidian.md': 4, 'github.com': 3, 'Bing': 1}"
2025-07-08 08:50:18.093923+00:00,1.0.5,9,6,4,0.6,3086037.5,2325740.4,21208186.367893,1652,1652,2044,0,6,"{'1.0.5': 1652, '1.0.4': 6, '1.0.3': 372, '1.0.2': 5, '1.0.1': 3, '1.0.0': 6}","{'obsidian.md': 4, 'github.com': 3, 'Bing': 2}"
2025-07-09 08:50:13.296537+00:00,1.0.5,9,6,4,0.6,3086037.5,2325740.4,21294582.761866,1660,1660,2052,0,6,"{'1.0.5': 1660, '1.0.4': 6, '1.0.3': 372, '1.0.2': 5, '1.0.1': 3, '1.0.0': 6}","{'obsidian.md': 4, 'github.com': 3, 'Bing': 2}"
2025-07-10 08:50:01.888929+00:00,1.0.5,9,6,4,0.6,3086037.5,2325740.4,21380971.530367,1669,1669,2061,0,5,"{'1.0.5': 1669, '1.0.4': 6, '1.0.3': 372, '1.0.2': 5, '1.0.1': 3, '1.0.0': 6}","{'obsidian.md': 4, 'github.com': 3, 'Bing': 2}"
2025-07-11 08:49:33.785549+00:00,1.0.5,9,6,4,0.6,3086037.5,2325740.4,21467343.465532,1674,1674,2066,0,6,"{'1.0.5': 1674, '1.0.4': 6, '1.0.3': 372, '1.0.2': 5, '1.0.1': 3, '1.0.0': 6}","{'github.com': 3, 'obsidian.md': 3, 'Bing': 2}"
2025-07-12 08:45:36.278153+00:00,1.0.5,9,6,4,0.6,3086037.5,2325740.4,21553506.214144,1681,1681,2073,0,7,"{'1.0.5': 1681, '1.0.4': 6, '1.0.3': 372, '1.0.2': 5, '1.0.1': 3, '1.0.0': 6}","{'github.com': 4, 'obsidian.md': 3, 'Bing': 2}"
2025-07-13 08:46:44.188504+00:00,1.0.5,9,6,4,0.6,3086037.5,2325740.4,21639974.039704,1690,1690,2082,0,8,"{'1.0.5': 1690, '1.0.4': 6, '1.0.3': 372, '1.0.2': 5, '1.0.1': 3, '1.0.0': 6}","{'github.com': 4, 'Bing': 2, 'obsidian.md': 2}"
2025-07-14 08:54:47.674282+00:00,1.0.5,9,6,4,0.6,3086037.5,2325740.4,21726856.989097,1699,1699,2091,0,7,"{'1.0.5': 1699, '1.0.4': 6, '1.0.3': 372, '1.0.2': 5, '1.0.1': 3, '1.0.0': 6}","{'github.com': 4, 'Bing': 2, 'DuckDuckGo': 2}"
2025-07-15 08:51:34.073601+00:00,1.0.5,9,6,4,0.6,3086037.5,2325740.4,21813063.787307,1705,1705,2097,0,7,"{'1.0.5': 1705, '1.0.4': 6, '1.0.3': 372, '1.0.2': 5, '1.0.1': 3, '1.0.0': 6}","{'github.com': 4, 'DuckDuckGo': 2, 'Bing': 1}"
2025-07-16 08:51:40.728256+00:00,1.0.5,9,6,4,0.6,3086037.5,2325740.4,21899470.512828,1718,1718,2110,0,7,"{'1.0.5': 1718, '1.0.4': 6, '1.0.3': 372, '1.0.2': 5, '1.0.1': 3, '1.0.0': 6}","{'github.com': 4, 'DuckDuckGo': 2, 'Bing': 1}"
2025-07-17 08:51:19.384734+00:00,1.0.5,9,6,4,0.6,3086037.5,2325740.4,21985847.38883,1722,1722,2114,0,8,"{'1.0.5': 1722, '1.0.4': 6, '1.0.3': 372, '1.0.2': 5, '1.0.1': 3, '1.0.0': 6}","{'github.com': 3, 'Bing': 3, 'DuckDuckGo': 2}"
2025-07-18 08:51:56.152920+00:00,1.0.5,9,6,4,0.6,3086037.5,2325740.4,22072284.496025,1737,1737,2129,0,10,"{'1.0.5': 1737, '1.0.4': 6, '1.0.3': 372, '1.0.2': 5, '1.0.1': 3, '1.0.0': 6}","{'github.com': 3, 'Bing': 3, 'DuckDuckGo': 2}"
2025-07-19 08:47:25.194366+00:00,1.0.5,9,6,4,0.6,3086037.5,2325740.4,22158414.845998,1748,1748,2140,0,11,"{'1.0.5': 1748, '1.0.4': 6, '1.0.3': 372, '1.0.2': 5, '1.0.1': 3, '1.0.0': 6}","{'github.com': 3, 'Bing': 3, 'DuckDuckGo': 2}"
2025-07-20 08:47:19.028972+00:00,1.0.5,9,6,4,0.6,3086037.5,2325740.4,22244808.790314,1755,1755,2147,0,11,"{'1.0.5': 1755, '1.0.4': 6, '1.0.3': 372, '1.0.2': 5, '1.0.1': 3, '1.0.0': 6}","{'Bing': 3, 'DuckDuckGo': 2, 'chatgpt.com': 1, 'github.com': 1}"
2025-07-21 08:55:05.676033+00:00,1.0.5,9,6,4,0.6,3086037.5,2325740.4,22331674.861464,1766,1766,2158,0,9,"{'1.0.5': 1766, '1.0.4': 6, '1.0.3': 372, '1.0.2': 5, '1.0.1': 3, '1.0.0': 6}","{'Bing': 2, 'DuckDuckGo': 2, 'chatgpt.com': 1, 'github.com': 1}"
2025-07-22 08:52:22.112247+00:00,1.0.5,9,6,4,0.6,3086037.5,2325740.4,22417911.750995,1773,1773,2165,0,10,"{'1.0.5': 1773, '1.0.4': 6, '1.0.3': 372, '1.0.2': 5, '1.0.1': 3, '1.0.0': 6}","{'Bing': 2, 'DuckDuckGo': 2, 'chatgpt.com': 1, 'github.com': 1}"
2025-07-23 08:52:38.470427+00:00,1.0.5,9,6,4,0.6,3086037.5,2325740.4,22504327.827826,1783,1783,2175,0,11,"{'1.0.5': 1783, '1.0.4': 6, '1.0.3': 372, '1.0.2': 5, '1.0.1': 3, '1.0.0': 6}","{'DuckDuckGo': 3, 'Bing': 2, 'chatgpt.com': 1, 'github.com': 1}"
2025-07-24 08:52:22.642294+00:00,1.0.5,9,6,4,0.6,3086037.5,2325740.4,22590711.241878,1795,1795,2187,0,11,"{'1.0.5': 1795, '1.0.4': 6, '1.0.3': 372, '1.0.2': 5, '1.0.1': 3, '1.0.0': 6}","{'DuckDuckGo': 3, 'Bing': 2, 'chatgpt.com': 1, 'github.com': 1}"
2025-07-25 08:50:38.960846+00:00,1.0.5,9,6,4,0.6,3086037.5,2325740.4,22677008.787471,1808,1808,2200,0,10,"{'1.0.5': 1808, '1.0.4': 6, '1.0.3': 372, '1.0.2': 5, '1.0.1': 3, '1.0.0': 6}","{'DuckDuckGo': 3, 'Bing': 2, 'chatgpt.com': 1}"
2025-07-26 08:47:37.274311+00:00,1.0.5,9,6,4,0.6,3086037.5,2325740.4,22763226.835833,1816,1816,2208,0,11,"{'1.0.5': 1816, '1.0.4': 6, '1.0.3': 372, '1.0.2': 5, '1.0.1': 3, '1.0.0': 6}","{'DuckDuckGo': 3, 'github.com': 2, 'Bing': 2, 'chatgpt.com': 1}"
2025-07-27 08:47:15.217516+00:00,1.0.5,9,6,4,0.6,3086037.5,2325740.4,22849603.550972,1827,1827,2219,0,11,"{'1.0.5': 1827, '1.0.4': 6, '1.0.3': 372, '1.0.2': 5, '1.0.1': 3, '1.0.0': 6}","{'github.com': 2, 'Bing': 2, 'chatgpt.com': 1, 'DuckDuckGo': 1}"
2025-07-28 08:53:38.149357+00:00,1.0.5,9,6,4,0.6,3086037.5,2325740.4,22936386.919337,1833,1833,2225,0,12,"{'1.0.5': 1833, '1.0.4': 6, '1.0.3': 372, '1.0.2': 5, '1.0.1': 3, '1.0.0': 6}","{'DuckDuckGo': 2, 'github.com': 2, 'Bing': 2, 'chatgpt.com': 1}"
2025-07-29 08:53:06.835319+00:00,1.0.5,9,6,4,0.6,3086037.5,2325740.4,23022755.842328,1838,1838,2230,0,11,"{'1.0.5': 1838, '1.0.4': 6, '1.0.3': 372, '1.0.2': 5, '1.0.1': 3, '1.0.0': 6}","{'chatgpt.com': 2, 'DuckDuckGo': 2, 'github.com': 2, 'Bing': 2}"
2025-07-30 08:53:32.814853+00:00,1.0.5,9,6,4,0.6,3086037.5,2325740.4,23109181.603874,1843,1843,2235,0,10,"{'1.0.5': 1843, '1.0.4': 6, '1.0.3': 372, '1.0.2': 5, '1.0.1': 3, '1.0.0': 6}","{'chatgpt.com': 2, 'DuckDuckGo': 2, 'github.com': 2}"
2025-07-31 08:52:42.377303+00:00,1.0.5,10,6,4,0.6,3086037.5,2325740.4,23195531.268558,1852,1852,2244,0,10,"{'1.0.5': 1852, '1.0.4': 6, '1.0.3': 372, '1.0.2': 5, '1.0.1': 3, '1.0.0': 6}","{'chatgpt.com': 2, 'DuckDuckGo': 2, 'github.com': 2, 'obsidian.md': 2}"
2025-08-01 08:52:24.345244+00:00,1.0.5,10,6,4,0.6,3086037.5,2325740.4,23281913.046904,1858,1858,2250,0,8,"{'1.0.5': 1858, '1.0.4': 6, '1.0.3': 372, '1.0.2': 5, '1.0.1': 3, '1.0.0': 6}","{'chatgpt.com': 2, 'DuckDuckGo': 2, 'github.com': 2, 'obsidian.md': 2}"
2025-08-02 08:48:04.978997+00:00,1.0.5,10,6,4,0.6,3086037.5,2325740.4,23368054.814502,1865,1865,2257,0,7,"{'1.0.5': 1865, '1.0.4': 6, '1.0.3': 372, '1.0.2': 5, '1.0.1': 3, '1.0.0': 6}","{'DuckDuckGo': 2, 'github.com': 2, 'obsidian.md': 2, 'chatgpt.com': 1}"
2025-08-03 08:47:49.655006+00:00,1.0.5,10,6,4,0.6,3086037.5,2325740.4,23454439.020673,1872,1872,2264,0,8,"{'1.0.5': 1872, '1.0.4': 6, '1.0.3': 372, '1.0.2': 5, '1.0.1': 3, '1.0.0': 6}","{'DuckDuckGo': 2, 'github.com': 2, 'obsidian.md': 2, 'chatgpt.com': 1}"
2025-08-04 08:54:25.949628+00:00,1.0.5,10,6,4,0.6,3086037.5,2325740.4,23541233.729406,1878,1878,2270,0,9,"{'1.0.5': 1878, '1.0.4': 6, '1.0.3': 372, '1.0.2': 5, '1.0.1': 3, '1.0.0': 6}","{'github.com': 4, 'DuckDuckGo': 2, 'obsidian.md': 2, 'chatgpt.com': 1}"
2025-08-05 08:54:08.209646+00:00,1.0.5,10,6,4,0.6,3086037.5,2325740.4,23627616.223976,1884,1884,2276,0,8,"{'1.0.5': 1884, '1.0.4': 6, '1.0.3': 372, '1.0.2': 5, '1.0.1': 3, '1.0.0': 6}","{'github.com': 4, 'obsidian.md': 2, 'DuckDuckGo': 1, 'chatgpt.com': 1}"
2025-08-06 08:53:58.861437+00:00,1.0.5,10,6,4,0.6,3086037.5,2325740.4,23714007.55862,1894,1894,2286,0,8,"{'1.0.5': 1894, '1.0.4': 6, '1.0.3': 372, '1.0.2': 5, '1.0.1': 3, '1.0.0': 6}","{'github.com': 4, 'obsidian.md': 3, 'chatgpt.com': 1, 'DuckDuckGo': 1}"
2025-08-07 08:53:35.252719+00:00,1.0.5,10,6,4,0.6,3086037.5,2325740.4,23800383.17772,1897,1897,2289,0,8,"{'1.0.5': 1897, '1.0.4': 6, '1.0.3': 372, '1.0.2': 5, '1.0.1': 3, '1.0.0': 6}","{'github.com': 4, 'obsidian.md': 3, 'chatgpt.com': 1, 'DuckDuckGo': 1}"
2025-08-08 08:52:50.931428+00:00,1.0.5,10,6,4,0.6,3086037.5,2325740.4,23886740.003829,1906,1906,2298,0,10,"{'1.0.5': 1906, '1.0.4': 6, '1.0.3': 372, '1.0.2': 5, '1.0.1': 3, '1.0.0': 6}","{'obsidian.md': 3, 'DuckDuckGo': 2, 'github.com': 2, 'chatgpt.com': 1}"
2025-08-09 08:46:39.929905+00:00,1.0.5,10,6,4,0.6,3086037.5,2325740.4,23972769.858199,1912,1912,2304,0,8,"{'1.0.5': 1912, '1.0.4': 6, '1.0.3': 372, '1.0.2': 5, '1.0.1': 3, '1.0.0': 6}","{'DuckDuckGo': 3, 'obsidian.md': 3, 'github.com': 2, 'chatgpt.com': 1}"
2025-08-10 08:46:13.404672+00:00,1.0.5,10,6,4,0.6,3086037.5,2325740.4,24059143.064991,1916,1916,2308,0,7,"{'1.0.5': 1916, '1.0.4': 6, '1.0.3': 372, '1.0.2': 5, '1.0.1': 3, '1.0.0': 6}","{'obsidian.md': 3, 'DuckDuckGo': 2, 'github.com': 2, 'chatgpt.com': 1}"
2025-08-11 08:52:19.233190+00:00,1.0.5,10,6,4,0.6,3086037.5,2325740.4,24145907.269218,1923,1923,2315,0,6,"{'1.0.5': 1923, '1.0.4': 6, '1.0.3': 372, '1.0.2': 5, '1.0.1': 3, '1.0.0': 6}","{'obsidian.md': 3, 'DuckDuckGo': 2, 'github.com': 2}"
2025-08-12 08:49:43.355408+00:00,1.0.5,11,6,4,0.6,3086037.5,2325740.4,24232152.270809,1932,1932,2324,0,6,"{'1.0.5': 1932, '1.0.4': 6, '1.0.3': 372, '1.0.2': 5, '1.0.1': 3, '1.0.0': 6}","{'obsidian.md': 3, 'DuckDuckGo': 2, 'github.com': 2}"
2025-08-13 08:50:36.846139+00:00,1.0.5,11,6,4,0.6,3086037.5,2325740.4,24318604.099249,1937,1937,2329,0,8,"{'1.0.5': 1937, '1.0.4': 6, '1.0.3': 372, '1.0.2': 5, '1.0.1': 3, '1.0.0': 6}","{'DuckDuckGo': 2, 'Google': 2, 'github.com': 2, 'obsidian.md': 1}"
2025-08-14 08:50:47.073280+00:00,1.0.5,11,6,4,0.6,3086037.5,2325740.4,24405015.940202,1945,1945,2337,0,8,"{'1.0.5': 1945, '1.0.4': 6, '1.0.3': 372, '1.0.2': 5, '1.0.1': 3, '1.0.0': 6}","{'DuckDuckGo': 3, 'Google': 2, 'github.com': 2, 'obsidian.md': 1, 'obsidianstats.com': 1}"
2025-08-15 08:48:13.944126+00:00,1.0.5,11,6,4,0.6,3086037.5,2325740.4,24491262.766029,1956,1956,2348,0,8,"{'1.0.5': 1956, '1.0.4': 6, '1.0.3': 372, '1.0.2': 5, '1.0.1': 3, '1.0.0': 6}","{'DuckDuckGo': 3, 'Google': 2, 'github.com': 2, 'obsidian.md': 1, 'obsidianstats.com': 1}"
2025-08-16 08:45:27.713598+00:00,1.0.5,11,6,4,0.6,3086037.5,2325740.4,24577495.355751,1967,1967,2359,0,8,"{'1.0.5': 1967, '1.0.4': 6, '1.0.3': 372, '1.0.2': 5, '1.0.1': 3, '1.0.0': 6}","{'DuckDuckGo': 3, 'Google': 2, 'github.com': 2, 'obsidian.md': 1, 'obsidianstats.com': 1}"
2025-08-17 08:45:30.916079+00:00,1.0.5,11,6,4,0.6,3086037.5,2325740.4,24663900.132299,1977,1977,2369,0,9,"{'1.0.5': 1977, '1.0.4': 6, '1.0.3': 372, '1.0.2': 5, '1.0.1': 3, '1.0.0': 6}","{'DuckDuckGo': 3, 'Google': 2, 'obsidian.md': 1, 'obsidianstats.com': 1}"
2025-08-18 08:51:18.462228+00:00,1.0.5,11,6,4,0.6,3086037.5,2325740.4,24750645.530327,1983,1983,2375,0,9,"{'1.0.5': 1983, '1.0.4': 6, '1.0.3': 372, '1.0.2': 5, '1.0.1': 3, '1.0.0': 6}","{'DuckDuckGo': 3, 'github.com': 3, 'Google': 2, 'obsidian.md': 1, 'obsidianstats.com': 1}"
2025-08-19 08:48:03.673265+00:00,1.0.5,11,6,4,0.6,3086037.5,2325740.4,24836850.60073,1994,1994,2386,0,10,"{'1.0.5': 1994, '1.0.4': 6, '1.0.3': 372, '1.0.2': 5, '1.0.1': 3, '1.0.0': 6}","{'DuckDuckGo': 3, 'github.com': 3, 'Google': 2, 'obsidianstats.com': 1}"
2025-08-20 08:45:06.480077+00:00,1.0.5,11,6,4,0.6,3086037.5,2325740.4,24923075.056789,2005,2005,2397,0,10,"{'1.0.5': 2005, '1.0.4': 6, '1.0.3': 372, '1.0.2': 5, '1.0.1': 3, '1.0.0': 6}","{'DuckDuckGo': 3, 'github.com': 3, 'Google': 2, 'obsidianstats.com': 1}"
2025-08-21 08:46:33.344320+00:00,1.0.5,11,6,4,0.6,3086037.5,2325740.4,25009560.446529,2011,2011,2403,0,10,"{'1.0.5': 2011, '1.0.4': 6, '1.0.3': 372, '1.0.2': 5, '1.0.1': 3, '1.0.0': 6}","{'github.com': 3, 'DuckDuckGo': 2, 'Google': 2, 'obsidianstats.com': 1}"
2025-08-22 08:45:58.895420+00:00,1.0.5,11,6,4,0.6,3086037.5,2325740.4,25095928.221804,2018,2018,2410,0,9,"{'1.0.5': 2018, '1.0.4': 6, '1.0.3': 372, '1.0.2': 5, '1.0.1': 3, '1.0.0': 6}","{'github.com': 3, 'Google': 2, 'obsidianstats.com': 1, 'DuckDuckGo': 1}"
2025-08-23 08:43:06.901117+00:00,1.0.5,11,6,4,0.6,3086037.5,2325740.4,25182155.309945,2027,2027,2419,0,10,"{'1.0.5': 2027, '1.0.4': 6, '1.0.3': 372, '1.0.2': 5, '1.0.1': 3, '1.0.0': 6}","{'github.com': 3, 'Google': 2, 'obsidianstats.com': 1, 'DuckDuckGo': 1}"
2025-08-24 08:42:19.190567+00:00,1.0.5,11,6,4,0.6,3086037.5,2325740.4,25268506.714715,2036,2036,2428,0,11,"{'1.0.5': 2036, '1.0.4': 6, '1.0.3': 372, '1.0.2': 5, '1.0.1': 3, '1.0.0': 6}","{'github.com': 3, 'Google': 2, 'obsidianstats.com': 1, 'DuckDuckGo': 1}"
2025-08-25 08:49:09.528268+00:00,1.0.5,11,6,4,0.6,3086037.5,2325740.4,25355318.108628,2047,2047,2439,0,13,"{'1.0.5': 2047, '1.0.4': 6, '1.0.3': 372, '1.0.2': 5, '1.0.1': 3, '1.0.0': 6}","{'github.com': 3, 'Google': 2, 'obsidianstats.com': 1, 'DuckDuckGo': 1}"
2025-08-26 08:48:15.407931+00:00,1.0.5,11,6,4,0.6,3086037.5,2325740.4,25441664.803448,2054,2054,2446,0,13,"{'1.0.5': 2054, '1.0.4': 6, '1.0.3': 372, '1.0.2': 5, '1.0.1': 3, '1.0.0': 6}","{'github.com': 3, 'DuckDuckGo': 1, 'obsidianstats.com': 1}"
2025-08-27 08:45:43.394488+00:00,1.0.5,11,6,4,0.6,3086037.5,2325740.4,25527912.089404,2071,2071,2463,0,11,"{'1.0.5': 2071, '1.0.4': 6, '1.0.3': 372, '1.0.2': 5, '1.0.1': 3, '1.0.0': 6}",{'github.com': 3}
2025-08-28 08:45:38.400483+00:00,1.0.5,11,6,4,0.6,3086037.5,2325740.4,25614307.489898,2082,2082,2474,0,10,"{'1.0.5': 2082, '1.0.4': 6, '1.0.3': 372, '1.0.2': 5, '1.0.1': 3, '1.0.0': 6}",{'github.com': 3}
2025-08-29 08:45:02.444771+00:00,1.0.5,11,6,4,0.6,3086037.5,2325740.4,25700670.954574,2092,2092,2484,0,10,"{'1.0.5': 2092, '1.0.4': 6, '1.0.3': 372, '1.0.2': 5, '1.0.1': 3, '1.0.0': 6}",{'github.com': 3}
2025-08-30 08:41:24.376336+00:00,1.0.5,11,6,4,0.6,3086037.5,2325740.4,25786853.326248,2105,2105,2497,0,11,"{'1.0.5': 2105, '1.0.4': 6, '1.0.3': 372, '1.0.2': 5, '1.0.1': 3, '1.0.0': 6}",{}
2025-08-31 08:40:48.904972+00:00,1.0.5,11,6,4,0.6,3086037.5,2325740.4,25873216.294849,2114,2114,2506,0,9,"{'1.0.5': 2114, '1.0.4': 6, '1.0.3': 372, '1.0.2': 5, '1.0.1': 3, '1.0.0': 6}",{}
2025-09-01 08:48:00.903870+00:00,1.0.5,11,6,4,0.6,3086037.5,2325740.4,25960050.024316,2116,2116,2508,0,8,"{'1.0.5': 2116, '1.0.4': 6, '1.0.3': 372, '1.0.2': 5, '1.0.1': 3, '1.0.0': 6}",{}
2025-09-02 08:46:53.593837+00:00,1.0.5,11,6,4,0.6,3086037.5,2325740.4,26046381.899034,2127,2127,2519,0,8,"{'1.0.5': 2127, '1.0.4': 6, '1.0.3': 372, '1.0.2': 5, '1.0.1': 3, '1.0.0': 6}",{}
2025-09-03 08:44:10.453589+00:00,1.0.5,11,6,4,0.6,3086037.5,2325740.4,26132619.821735,2138,2138,2530,0,7,"{'1.0.5': 2138, '1.0.4': 6, '1.0.3': 372, '1.0.2': 5, '1.0.1': 3, '1.0.0': 6}",{}
2025-09-04 08:44:21.935902+00:00,1.0.5,12,6,4,0.6,3086037.5,2325740.4,26219031.505828,2149,2149,2541,0,6,"{'1.0.5': 2149, '1.0.4': 6, '1.0.3': 372, '1.0.2': 5, '1.0.1': 3, '1.0.0': 6}",{}
2025-09-05 08:44:09.703672+00:00,1.0.5,12,6,4,0.6,3086037.5,2325740.4,26305419.449643,2157,2157,2549,0,6,"{'1.0.5': 2157, '1.0.4': 6, '1.0.3': 372, '1.0.2': 5, '1.0.1': 3, '1.0.0': 6}",{}
2025-09-06 08:39:30.241559+00:00,1.0.5,12,6,4,0.6,3086037.5,2325740.4,26391539.318264,2162,2162,2554,0,6,"{'1.0.5': 2162, '1.0.4': 6, '1.0.3': 372, '1.0.2': 5, '1.0.1': 3, '1.0.0': 6}",{}
2025-09-07 08:39:20.674820+00:00,1.0.5,12,6,4,0.6,3086037.5,2325740.4,26477929.658689,2174,2174,2566,0,5,"{'1.0.5': 2174, '1.0.4': 6, '1.0.3': 372, '1.0.2': 5, '1.0.1': 3, '1.0.0': 6}",{}
2025-09-08 08:47:27.440640+00:00,1.0.5,12,6,4,0.6,3086037.5,2325740.4,26564817.183971,2177,2177,2569,0,3,"{'1.0.5': 2177, '1.0.4': 6, '1.0.3': 372, '1.0.2': 5, '1.0.1': 3, '1.0.0': 6}",{}
2025-09-09 08:46:03.710586+00:00,1.0.5,12,6,4,0.6,3086037.5,2325740.4,26651133.306615,2192,2192,2584,0,4,"{'1.0.5': 2192, '1.0.4': 6, '1.0.3': 372, '1.0.2': 5, '1.0.1': 3, '1.0.0': 6}",{}
2025-09-10 08:45:13.837408+00:00,1.0.5,12,6,4,0.6,3086037.5,2325740.4,26737483.570217,2205,2205,2597,0,4,"{'1.0.5': 2205, '1.0.4': 6, '1.0.3': 372, '1.0.2': 5, '1.0.1': 3, '1.0.0': 6}",{}
2025-09-11 08:44:16.200515+00:00,1.0.5,12,6,4,0.6,3086037.5,2325740.4,26823825.708664,2220,2220,2612,0,4,"{'1.0.5': 2220, '1.0.4': 6, '1.0.3': 372, '1.0.2': 5, '1.0.1': 3, '1.0.0': 6}",{}
2025-09-12 08:43:52.446565+00:00,1.0.5,12,6,4,0.6,3086037.5,2325740.4,26910202.236069,2230,2230,2622,0,4,"{'1.0.5': 2230, '1.0.4': 6, '1.0.3': 372, '1.0.2': 5, '1.0.1': 3, '1.0.0': 6}",{}
2025-09-13 08:39:52.808926+00:00,1.0.5,12,6,4,0.6,3086037.5,2325740.4,26996362.141816,2237,2237,2629,0,3,"{'1.0.5': 2237, '1.0.4': 6, '1.0.3': 372, '1.0.2': 5, '1.0.1': 3, '1.0.0': 6}",{}
